__timestamp,SUM(sale_price_usd)
2017-06-23 00:00:00+00:00,
2017-06-24 00:00:00+00:00,
2017-06-25 00:00:00+00:00,
2017-06-26 00:00:00+00:00,
2017-06-27 00:00:00+00:00,
2017-06-28 00:00:00+00:00,
2017-06-29 00:00:00+00:00,
2017-06-30 00:00:00+00:00,
2017-07-01 00:00:00+00:00,
2017-07-02 00:00:00+00:00,
2017-07-03 00:00:00+00:00,
2017-07-04 00:00:00+00:00,
2017-07-05 00:00:00+00:00,
2017-07-06 00:00:00+00:00,
2017-07-07 00:00:00+00:00,
2017-07-08 00:00:00+00:00,
2017-07-09 00:00:00+00:00,
2017-07-10 00:00:00+00:00,
2017-07-11 00:00:00+00:00,
2017-07-12 00:00:00+00:00,
2017-07-13 00:00:00+00:00,
2017-07-14 00:00:00+00:00,
2017-07-15 00:00:00+00:00,
2017-07-16 00:00:00+00:00,
2017-07-17 00:00:00+00:00,
2017-07-18 00:00:00+00:00,
2017-07-19 00:00:00+00:00,
2017-07-20 00:00:00+00:00,
2017-07-21 00:00:00+00:00,
2017-07-22 00:00:00+00:00,
2017-07-23 00:00:00+00:00,
2017-07-24 00:00:00+00:00,
2017-07-25 00:00:00+00:00,
2017-07-26 00:00:00+00:00,
2017-07-27 00:00:00+00:00,
2017-07-28 00:00:00+00:00,
2017-07-29 00:00:00+00:00,
2017-07-30 00:00:00+00:00,
2017-07-31 00:00:00+00:00,
2017-08-01 00:00:00+00:00,
2017-08-02 00:00:00+00:00,
2017-08-03 00:00:00+00:00,
2017-08-04 00:00:00+00:00,
2017-08-05 00:00:00+00:00,
2017-08-07 00:00:00+00:00,
2017-08-08 00:00:00+00:00,
2017-08-09 00:00:00+00:00,
2017-08-10 00:00:00+00:00,
2017-08-11 00:00:00+00:00,
2017-08-12 00:00:00+00:00,
2017-08-13 00:00:00+00:00,
2017-08-14 00:00:00+00:00,
2017-08-15 00:00:00+00:00,
2017-08-16 00:00:00+00:00,
2017-08-17 00:00:00+00:00,
2017-08-18 00:00:00+00:00,
2017-08-19 00:00:00+00:00,
2017-08-20 00:00:00+00:00,
2017-08-21 00:00:00+00:00,
2017-08-22 00:00:00+00:00,
2017-08-23 00:00:00+00:00,
2017-08-24 00:00:00+00:00,
2017-08-25 00:00:00+00:00,
2017-08-26 00:00:00+00:00,
2017-08-28 00:00:00+00:00,
2017-08-29 00:00:00+00:00,
2017-08-30 00:00:00+00:00,
2017-08-31 00:00:00+00:00,
2017-09-01 00:00:00+00:00,
2017-09-02 00:00:00+00:00,
2017-09-03 00:00:00+00:00,
2017-09-04 00:00:00+00:00,
2017-09-06 00:00:00+00:00,
2017-09-08 00:00:00+00:00,
2017-09-10 00:00:00+00:00,
2017-09-11 00:00:00+00:00,
2017-09-12 00:00:00+00:00,
2017-09-16 00:00:00+00:00,
2017-09-17 00:00:00+00:00,
2017-09-18 00:00:00+00:00,
2017-09-19 00:00:00+00:00,
2017-09-20 00:00:00+00:00,
2017-09-21 00:00:00+00:00,
2017-09-22 00:00:00+00:00,
2017-09-23 00:00:00+00:00,
2017-09-24 00:00:00+00:00,
2017-09-25 00:00:00+00:00,
2017-09-26 00:00:00+00:00,
2017-09-27 00:00:00+00:00,
2017-09-28 00:00:00+00:00,
2017-09-29 00:00:00+00:00,
2017-09-30 00:00:00+00:00,
2017-10-01 00:00:00+00:00,
2017-10-02 00:00:00+00:00,
2017-10-03 00:00:00+00:00,
2017-10-04 00:00:00+00:00,
2017-10-05 00:00:00+00:00,
2017-10-08 00:00:00+00:00,
2017-10-09 00:00:00+00:00,
2017-10-11 00:00:00+00:00,
2017-10-12 00:00:00+00:00,
2017-10-13 00:00:00+00:00,
2017-10-14 00:00:00+00:00,
2017-10-15 00:00:00+00:00,
2017-10-16 00:00:00+00:00,
2017-10-19 00:00:00+00:00,
2017-10-20 00:00:00+00:00,
2017-10-21 00:00:00+00:00,
2017-10-25 00:00:00+00:00,
2017-10-26 00:00:00+00:00,
2017-10-27 00:00:00+00:00,
2017-10-28 00:00:00+00:00,
2017-10-29 00:00:00+00:00,
2017-10-30 00:00:00+00:00,
2017-10-31 00:00:00+00:00,
2017-11-01 00:00:00+00:00,
2017-11-02 00:00:00+00:00,
2017-11-04 00:00:00+00:00,
2017-11-07 00:00:00+00:00,
2017-11-09 00:00:00+00:00,
2017-11-12 00:00:00+00:00,
2017-11-13 00:00:00+00:00,
2017-11-14 00:00:00+00:00,
2017-11-15 00:00:00+00:00,
2017-11-19 00:00:00+00:00,
2017-11-20 00:00:00+00:00,
2017-11-21 00:00:00+00:00,
2017-11-22 00:00:00+00:00,
2017-11-23 00:00:00+00:00,
2017-11-24 00:00:00+00:00,
2017-11-25 00:00:00+00:00,
2017-11-26 00:00:00+00:00,
2017-11-27 00:00:00+00:00,
2017-11-28 00:00:00+00:00,
2017-11-29 00:00:00+00:00,
2017-11-30 00:00:00+00:00,
2017-12-01 00:00:00+00:00,
2017-12-02 00:00:00+00:00,
2017-12-03 00:00:00+00:00,
2017-12-04 00:00:00+00:00,
2017-12-05 00:00:00+00:00,
2017-12-06 00:00:00+00:00,
2017-12-07 00:00:00+00:00,
2017-12-08 00:00:00+00:00,
2017-12-09 00:00:00+00:00,
2017-12-10 00:00:00+00:00,
2017-12-11 00:00:00+00:00,
2017-12-12 00:00:00+00:00,
2017-12-13 00:00:00+00:00,
2017-12-14 00:00:00+00:00,
2017-12-15 00:00:00+00:00,
2017-12-16 00:00:00+00:00,
2017-12-17 00:00:00+00:00,
2017-12-18 00:00:00+00:00,
2017-12-19 00:00:00+00:00,
2017-12-20 00:00:00+00:00,
2017-12-21 00:00:00+00:00,
2017-12-22 00:00:00+00:00,
2017-12-23 00:00:00+00:00,
2017-12-24 00:00:00+00:00,
2017-12-25 00:00:00+00:00,
2017-12-26 00:00:00+00:00,
2017-12-27 00:00:00+00:00,
2017-12-28 00:00:00+00:00,
2017-12-29 00:00:00+00:00,
2017-12-30 00:00:00+00:00,
2017-12-31 00:00:00+00:00,
2018-01-01 00:00:00+00:00,
2018-01-02 00:00:00+00:00,
2018-01-03 00:00:00+00:00,
2018-01-04 00:00:00+00:00,
2018-01-05 00:00:00+00:00,
2018-01-06 00:00:00+00:00,
2018-01-07 00:00:00+00:00,
2018-01-08 00:00:00+00:00,
2018-01-09 00:00:00+00:00,
2018-01-10 00:00:00+00:00,
2018-01-11 00:00:00+00:00,
2018-01-12 00:00:00+00:00,
2018-01-13 00:00:00+00:00,
2018-01-14 00:00:00+00:00,
2018-01-15 00:00:00+00:00,
2018-01-16 00:00:00+00:00,
2018-01-17 00:00:00+00:00,
2018-01-18 00:00:00+00:00,
2018-01-19 00:00:00+00:00,
2018-01-20 00:00:00+00:00,
2018-01-21 00:00:00+00:00,
2018-01-22 00:00:00+00:00,
2018-01-23 00:00:00+00:00,
2018-01-24 00:00:00+00:00,
2018-01-25 00:00:00+00:00,
2018-01-26 00:00:00+00:00,
2018-01-27 00:00:00+00:00,
2018-01-28 00:00:00+00:00,
2018-01-29 00:00:00+00:00,
2018-01-30 00:00:00+00:00,
2018-01-31 00:00:00+00:00,
2018-02-01 00:00:00+00:00,
2018-02-02 00:00:00+00:00,
2018-02-03 00:00:00+00:00,
2018-02-04 00:00:00+00:00,
2018-02-05 00:00:00+00:00,
2018-02-06 00:00:00+00:00,
2018-02-07 00:00:00+00:00,
2018-02-08 00:00:00+00:00,
2018-02-09 00:00:00+00:00,
2018-02-10 00:00:00+00:00,
2018-02-11 00:00:00+00:00,
2018-02-12 00:00:00+00:00,
2018-02-13 00:00:00+00:00,1642962.9200267452
2018-02-14 00:00:00+00:00,29382646.680079702
2018-02-15 00:00:00+00:00,8342301.2425687825
2018-02-16 00:00:00+00:00,1712804.905801115
2018-02-17 00:00:00+00:00,556074.224565388
2018-02-18 00:00:00+00:00,1986220.0563539357
2018-02-19 00:00:00+00:00,599156.7516421691
2018-02-20 00:00:00+00:00,768662.1642901094
2018-02-21 00:00:00+00:00,341939.4725894914
2018-02-22 00:00:00+00:00,212681.17480297005
2018-02-23 00:00:00+00:00,176161.18789125048
2018-02-24 00:00:00+00:00,209013.63022207684
2018-02-25 00:00:00+00:00,257062.24524321235
2018-02-26 00:00:00+00:00,115695.48055330658
2018-02-27 00:00:00+00:00,133744.53167131267
2018-02-28 00:00:00+00:00,121614.68388206403
2018-03-01 00:00:00+00:00,84075.37765665705
2018-03-02 00:00:00+00:00,64015.34268873185
2018-03-03 00:00:00+00:00,58647.72478408895
2018-03-04 00:00:00+00:00,642151.9696233452
2018-03-05 00:00:00+00:00,108824.75847972727
2018-03-06 00:00:00+00:00,94462.37569149083
2018-03-07 00:00:00+00:00,152656.0390795615
2018-03-08 00:00:00+00:00,62172.887900229565
2018-03-09 00:00:00+00:00,66417.62321683293
2018-03-10 00:00:00+00:00,53704.87831500307
2018-03-11 00:00:00+00:00,52631.36702595259
2018-03-12 00:00:00+00:00,54537.088719419335
2018-03-13 00:00:00+00:00,50753.26925914977
2018-03-14 00:00:00+00:00,39789.74976982582
2018-03-15 00:00:00+00:00,27977.853785747913
2018-03-16 00:00:00+00:00,32446.497007741455
2018-03-17 00:00:00+00:00,36905.964441231285
2018-03-18 00:00:00+00:00,28448.29238188703
2018-03-19 00:00:00+00:00,21234.969378640646
2018-03-20 00:00:00+00:00,33688.07980913965
2018-03-21 00:00:00+00:00,36998.486772650875
2018-03-22 00:00:00+00:00,36388.03828634811
2018-03-23 00:00:00+00:00,30075.354663657043
2018-03-24 00:00:00+00:00,29431.62103134216
2018-03-25 00:00:00+00:00,35852.978797989206
2018-03-26 00:00:00+00:00,34789.646875696584
2018-03-27 00:00:00+00:00,50874.42211893719
2018-03-28 00:00:00+00:00,31706.03812080681
2018-03-29 00:00:00+00:00,28325.09945200984
2018-03-30 00:00:00+00:00,32284.242837539434
2018-03-31 00:00:00+00:00,30127.207075388615
2018-04-01 00:00:00+00:00,24275.07123974638
2018-04-02 00:00:00+00:00,24918.647740271066
2018-04-03 00:00:00+00:00,28741.397874595383
2018-04-04 00:00:00+00:00,25226.509027690197
2018-04-05 00:00:00+00:00,29977.49315722062
2018-04-06 00:00:00+00:00,39591.81894406355
2018-04-07 00:00:00+00:00,19960.403230717297
2018-04-08 00:00:00+00:00,28225.228809477736
2018-04-09 00:00:00+00:00,23390.16677945384
2018-04-10 00:00:00+00:00,28857.79151533721
2018-04-11 00:00:00+00:00,34834.469971856255
2018-04-12 00:00:00+00:00,28189.264893001582
2018-04-13 00:00:00+00:00,46350.10374562639
2018-04-14 00:00:00+00:00,36944.58535948736
2018-04-15 00:00:00+00:00,26845.37201035406
2018-04-16 00:00:00+00:00,37345.72804921049
2018-04-17 00:00:00+00:00,44147.27739005742
2018-04-18 00:00:00+00:00,26582.646455129707
2018-04-19 00:00:00+00:00,34500.26920174718
2018-04-20 00:00:00+00:00,30435.37742274318
2018-04-21 00:00:00+00:00,23941.609961815684
2018-04-22 00:00:00+00:00,19752.524257139685
2018-04-23 00:00:00+00:00,27021.21666891485
2018-04-24 00:00:00+00:00,33185.2399252627
2018-04-25 00:00:00+00:00,46412.56779783346
2018-04-26 00:00:00+00:00,34366.03243843933
2018-04-27 00:00:00+00:00,33526.0242592711
2018-04-28 00:00:00+00:00,27679.346649135103
2018-04-29 00:00:00+00:00,22960.490715926517
2018-04-30 00:00:00+00:00,27348.740086438054
2018-05-01 00:00:00+00:00,24175.46073541469
2018-05-02 00:00:00+00:00,28477.10720432829
2018-05-03 00:00:00+00:00,24163.88879910325
2018-05-04 00:00:00+00:00,35315.941968043975
2018-05-05 00:00:00+00:00,41551.98157672168
2018-05-06 00:00:00+00:00,34419.26779952242
2018-05-07 00:00:00+00:00,33594.70321238027
2018-05-08 00:00:00+00:00,31531.02383579847
2018-05-09 00:00:00+00:00,26998.100890118745
2018-05-10 00:00:00+00:00,25521.651156921063
2018-05-11 00:00:00+00:00,58842.083986510836
2018-05-12 00:00:00+00:00,21477.043535743636
2018-05-13 00:00:00+00:00,18532.736873307476
2018-05-14 00:00:00+00:00,20260.911817842312
2018-05-15 00:00:00+00:00,19361.0420355269
2018-05-16 00:00:00+00:00,31541.34223709005
2018-05-17 00:00:00+00:00,21076.226435240398
2018-05-18 00:00:00+00:00,35834.438981106505
2018-05-19 00:00:00+00:00,19487.794580731414
2018-05-20 00:00:00+00:00,23507.251769380437
2018-05-21 00:00:00+00:00,20421.768392364647
2018-05-22 00:00:00+00:00,22346.670890176913
2018-05-23 00:00:00+00:00,15372.524939090612
2018-05-24 00:00:00+00:00,21611.347744969094
2018-05-25 00:00:00+00:00,24165.950223693457
2018-05-26 00:00:00+00:00,20489.635238110284
2018-05-27 00:00:00+00:00,20318.733935051278
2018-05-28 00:00:00+00:00,19652.405703061286
2018-05-29 00:00:00+00:00,29918.644198052574
2018-05-30 00:00:00+00:00,22775.64385637544
2018-05-31 00:00:00+00:00,24397.310363476536
2018-06-01 00:00:00+00:00,21032.533605047898
2018-06-02 00:00:00+00:00,21224.32483466311
2018-06-03 00:00:00+00:00,66352.34807961114
2018-06-04 00:00:00+00:00,27936.409206469227
2018-06-05 00:00:00+00:00,16544.187368452556
2018-06-06 00:00:00+00:00,18358.659037349214
2018-06-07 00:00:00+00:00,26937.341800482383
2018-06-08 00:00:00+00:00,41923.970988114714
2018-06-09 00:00:00+00:00,20809.843910850246
2018-06-10 00:00:00+00:00,15130.037538211594
2018-06-11 00:00:00+00:00,14411.444940029667
2018-06-12 00:00:00+00:00,17079.73648950304
2018-06-13 00:00:00+00:00,28905.221533113207
2018-06-14 00:00:00+00:00,10878.440126262785
2018-06-15 00:00:00+00:00,13725.21324820225
2018-06-16 00:00:00+00:00,13080.46478269348
2018-06-17 00:00:00+00:00,18229.955179261124
2018-06-18 00:00:00+00:00,20076.92266123326
2018-06-19 00:00:00+00:00,18413.072907619786
2018-06-20 00:00:00+00:00,18115.28761729047
2018-06-21 00:00:00+00:00,17975.661608103142
2018-06-22 00:00:00+00:00,24184.822441849054
2018-06-23 00:00:00+00:00,12944.703497552115
2018-06-24 00:00:00+00:00,15676.416131471085
2018-06-25 00:00:00+00:00,20004.396420124867
2018-06-26 00:00:00+00:00,21418.948423835944
2018-06-27 00:00:00+00:00,12493.838791430038
2018-06-28 00:00:00+00:00,8811.227976057298
2018-06-29 00:00:00+00:00,13183.254921065494
2018-06-30 00:00:00+00:00,10385.111318939431
2018-07-01 00:00:00+00:00,10370.655676974919
2018-07-02 00:00:00+00:00,4321.221921399105
2018-07-03 00:00:00+00:00,10449.618280090299
2018-07-04 00:00:00+00:00,12789.62340403532
2018-07-05 00:00:00+00:00,13468.755742700932
2018-07-06 00:00:00+00:00,9510.96164296322
2018-07-07 00:00:00+00:00,5902.524877847929
2018-07-08 00:00:00+00:00,7951.272894260007
2018-07-09 00:00:00+00:00,12111.786138762103
2018-07-10 00:00:00+00:00,11274.563150699207
2018-07-11 00:00:00+00:00,11871.709132246651
2018-07-12 00:00:00+00:00,14574.306676355909
2018-07-13 00:00:00+00:00,13027.749152691584
2018-07-14 00:00:00+00:00,8938.010502089952
2018-07-15 00:00:00+00:00,13794.705050318888
2018-07-16 00:00:00+00:00,13562.420984222708
2018-07-17 00:00:00+00:00,15395.458156503877
2018-07-18 00:00:00+00:00,19191.83038250353
2018-07-19 00:00:00+00:00,12223.085114927246
2018-07-20 00:00:00+00:00,16374.41781700137
2018-07-21 00:00:00+00:00,16734.362303821003
2018-07-22 00:00:00+00:00,10570.28634099726
2018-07-23 00:00:00+00:00,11710.414686265107
2018-07-24 00:00:00+00:00,16741.669221297027
2018-07-25 00:00:00+00:00,14957.09141940596
2018-07-26 00:00:00+00:00,14563.309828827356
2018-07-27 00:00:00+00:00,17854.48104086672
2018-07-28 00:00:00+00:00,21601.312827433034
2018-07-29 00:00:00+00:00,19305.392701669276
2018-07-30 00:00:00+00:00,14177.669927675392
2018-07-31 00:00:00+00:00,12742.035600673567
2018-08-01 00:00:00+00:00,16536.251307715454
2018-08-02 00:00:00+00:00,30250.94531268206
2018-08-03 00:00:00+00:00,33305.42275063653
2018-08-04 00:00:00+00:00,48163.575220846964
2018-08-05 00:00:00+00:00,51045.83567932957
2018-08-06 00:00:00+00:00,33666.23035447804
2018-08-07 00:00:00+00:00,28715.729873529144
2018-08-08 00:00:00+00:00,
2018-08-09 00:00:00+00:00,
2018-08-10 00:00:00+00:00,
2018-08-11 00:00:00+00:00,
2018-08-12 00:00:00+00:00,23727.370012236355
2018-08-13 00:00:00+00:00,36296.295951478925
2018-08-14 00:00:00+00:00,93661.38913343113
2018-08-15 00:00:00+00:00,76415.6187918548
2018-08-16 00:00:00+00:00,57049.8605354795
2018-08-17 00:00:00+00:00,51342.657277890146
2018-08-18 00:00:00+00:00,76947.31462335045
2018-08-19 00:00:00+00:00,76150.25364334478
2018-08-20 00:00:00+00:00,47408.50959837082
2018-08-21 00:00:00+00:00,57487.42176328319
2018-08-22 00:00:00+00:00,48180.42028739276
2018-08-23 00:00:00+00:00,89422.74975883556
2018-08-24 00:00:00+00:00,74207.93587995131
2018-08-25 00:00:00+00:00,131887.95742803192
2018-08-26 00:00:00+00:00,39467.270415872255
2018-08-27 00:00:00+00:00,41079.82793719602
2018-08-28 00:00:00+00:00,56415.243678049446
2018-08-29 00:00:00+00:00,49372.67353343997
2018-08-30 00:00:00+00:00,43214.28944087587
2018-08-31 00:00:00+00:00,36126.241596677646
2018-09-01 00:00:00+00:00,138764.40625257857
2018-09-02 00:00:00+00:00,177837.39893983988
2018-09-03 00:00:00+00:00,105626.5855255677
2018-09-04 00:00:00+00:00,534683.4542370297
2018-09-05 00:00:00+00:00,154216.37882934982
2018-09-06 00:00:00+00:00,76590.45267198504
2018-09-07 00:00:00+00:00,145361.29230942344
2018-09-08 00:00:00+00:00,259845.28079856065
2018-09-09 00:00:00+00:00,205816.76420361982
2018-09-10 00:00:00+00:00,86654.30930145178
2018-09-11 00:00:00+00:00,147166.32498005882
2018-09-12 00:00:00+00:00,185379.4236202255
2018-09-13 00:00:00+00:00,86292.31695130022
2018-09-14 00:00:00+00:00,53668.0568076239
2018-09-15 00:00:00+00:00,42918.46111976069
2018-09-16 00:00:00+00:00,47120.93092157132
2018-09-17 00:00:00+00:00,32808.08361941142
2018-09-18 00:00:00+00:00,38179.6648392661
2018-09-19 00:00:00+00:00,29378.712737422557
2018-09-20 00:00:00+00:00,34404.716049237904
2018-09-21 00:00:00+00:00,43738.54566304029
2018-09-22 00:00:00+00:00,18450.118360468703
2018-09-23 00:00:00+00:00,38028.611792605436
2018-09-24 00:00:00+00:00,19897.98381741722
2018-09-25 00:00:00+00:00,33037.13093387482
2018-09-26 00:00:00+00:00,41122.72195854777
2018-09-27 00:00:00+00:00,31576.852412456632
2018-09-28 00:00:00+00:00,30730.845710818903
2018-09-29 00:00:00+00:00,45994.089971867565
2018-09-30 00:00:00+00:00,27294.615630905108
2018-10-01 00:00:00+00:00,25551.966224021613
2018-10-02 00:00:00+00:00,38902.67529425226
2018-10-03 00:00:00+00:00,25021.61239136073
2018-10-04 00:00:00+00:00,30406.826149659282
2018-10-05 00:00:00+00:00,33944.09803736805
2018-10-06 00:00:00+00:00,38610.775908709446
2018-10-07 00:00:00+00:00,30048.035028634033
2018-10-08 00:00:00+00:00,17609.97707129667
2018-10-09 00:00:00+00:00,19244.85507790393
2018-10-10 00:00:00+00:00,16877.221691668998
2018-10-11 00:00:00+00:00,20998.649045191734
2018-10-12 00:00:00+00:00,31501.455860197537
2018-10-13 00:00:00+00:00,17026.613395023513
2018-10-14 00:00:00+00:00,15463.722109172424
2018-10-15 00:00:00+00:00,32318.312917152354
2018-10-16 00:00:00+00:00,16873.93319985252
2018-10-17 00:00:00+00:00,19315.901475965853
2018-10-18 00:00:00+00:00,29728.1311314302
2018-10-19 00:00:00+00:00,21828.12041796069
2018-10-20 00:00:00+00:00,16655.482712480716
2018-10-21 00:00:00+00:00,14728.186719046636
2018-10-22 00:00:00+00:00,17149.434535456163
2018-10-23 00:00:00+00:00,16958.614350329408
2018-10-24 00:00:00+00:00,14240.535529318939
2018-10-25 00:00:00+00:00,113873.02007463842
2018-10-26 00:00:00+00:00,20382.47321434554
2018-10-27 00:00:00+00:00,17845.054342403164
2018-10-28 00:00:00+00:00,14949.74522175016
2018-10-29 00:00:00+00:00,22553.17332189166
2018-10-30 00:00:00+00:00,22366.071876433736
2018-10-31 00:00:00+00:00,21837.93201718727
2018-11-01 00:00:00+00:00,37145.29655218649
2018-11-02 00:00:00+00:00,16098.797270302235
2018-11-03 00:00:00+00:00,19719.91989636664
2018-11-04 00:00:00+00:00,21711.05396113479
2018-11-05 00:00:00+00:00,25889.233441339107
2018-11-06 00:00:00+00:00,29763.745229925553
2018-11-07 00:00:00+00:00,26113.775127109606
2018-11-08 00:00:00+00:00,22138.920500687185
2018-11-09 00:00:00+00:00,24167.528452211216
2018-11-10 00:00:00+00:00,21861.25244949074
2018-11-11 00:00:00+00:00,19529.835832642457
2018-11-12 00:00:00+00:00,30206.943184388238
2018-11-13 00:00:00+00:00,32204.189346982042
2018-11-14 00:00:00+00:00,35789.02653222273
2018-11-15 00:00:00+00:00,30918.648600328546
2018-11-16 00:00:00+00:00,31114.191795513976
2018-11-17 00:00:00+00:00,16297.332180745718
2018-11-18 00:00:00+00:00,24025.39132047778
2018-11-19 00:00:00+00:00,19121.030482330483
2018-11-20 00:00:00+00:00,22258.272051234046
2018-11-21 00:00:00+00:00,20050.731701309676
2018-11-22 00:00:00+00:00,23368.954044463353
2018-11-23 00:00:00+00:00,18280.804759893235
2018-11-24 00:00:00+00:00,17922.80715526062
2018-11-25 00:00:00+00:00,22331.489984396576
2018-11-26 00:00:00+00:00,21753.54768187631
2018-11-27 00:00:00+00:00,25387.92578062605
2018-11-28 00:00:00+00:00,19774.668990038957
2018-11-29 00:00:00+00:00,20751.632977482906
2018-11-30 00:00:00+00:00,28921.574161877663
2018-12-01 00:00:00+00:00,26908.980823496728
2018-12-02 00:00:00+00:00,12321.70384630258
2018-12-03 00:00:00+00:00,10076.60287905149
2018-12-04 00:00:00+00:00,11420.10466945499
2018-12-05 00:00:00+00:00,15807.204999342712
2018-12-06 00:00:00+00:00,11429.11527282529
2018-12-07 00:00:00+00:00,11973.392468596621
2018-12-08 00:00:00+00:00,12314.618587582188
2018-12-09 00:00:00+00:00,7004.956760170417
2018-12-10 00:00:00+00:00,6708.9903304603795
2018-12-11 00:00:00+00:00,6687.838947614586
2018-12-12 00:00:00+00:00,9337.94559562928
2018-12-13 00:00:00+00:00,11289.129910140651
2018-12-14 00:00:00+00:00,9069.40219968065
2018-12-15 00:00:00+00:00,7208.874968831184
2018-12-16 00:00:00+00:00,9896.69035768128
2018-12-17 00:00:00+00:00,8842.563091613663
2018-12-18 00:00:00+00:00,8553.188858079942
2018-12-19 00:00:00+00:00,11516.729882897482
2018-12-20 00:00:00+00:00,12475.023570885593
2018-12-21 00:00:00+00:00,15298.372226461874
2018-12-22 00:00:00+00:00,17172.68784328354
2018-12-23 00:00:00+00:00,19398.99755317598
2018-12-24 00:00:00+00:00,13573.848821705182
2018-12-25 00:00:00+00:00,10677.129615442494
2018-12-26 00:00:00+00:00,13614.08037758688
2018-12-27 00:00:00+00:00,12408.05781470454
2018-12-28 00:00:00+00:00,17590.29983824988
2018-12-29 00:00:00+00:00,
2018-12-30 00:00:00+00:00,
2018-12-31 00:00:00+00:00,
2019-01-01 00:00:00+00:00,
2019-01-02 00:00:00+00:00,
2019-01-03 00:00:00+00:00,
2019-01-04 00:00:00+00:00,13370.216124808923
2019-01-05 00:00:00+00:00,14018.300546548633
2019-01-06 00:00:00+00:00,12633.519505433722
2019-01-07 00:00:00+00:00,14394.204704337995
2019-01-08 00:00:00+00:00,17274.623342532737
2019-01-09 00:00:00+00:00,12632.937994760443
2019-01-10 00:00:00+00:00,18898.89510057865
2019-01-11 00:00:00+00:00,16891.996501328125
2019-01-12 00:00:00+00:00,22128.042749216118
2019-01-13 00:00:00+00:00,19104.221651235814
2019-01-14 00:00:00+00:00,11716.797805236256
2019-01-15 00:00:00+00:00,15508.000351898658
2019-01-16 00:00:00+00:00,18215.04175811938
2019-01-17 00:00:00+00:00,30933.51225585906
2019-01-18 00:00:00+00:00,18018.439352389592
2019-01-19 00:00:00+00:00,25255.050100428336
2019-01-20 00:00:00+00:00,20773.53425809802
2019-01-21 00:00:00+00:00,15127.512050431804
2019-01-22 00:00:00+00:00,19066.358789306476
2019-01-23 00:00:00+00:00,16305.625229247144
2019-01-24 00:00:00+00:00,18722.715261604953
2019-01-25 00:00:00+00:00,19471.974534268953
2019-01-26 00:00:00+00:00,21468.82902741795
2019-01-27 00:00:00+00:00,25876.28152040649
2019-01-28 00:00:00+00:00,19864.29377489937
2019-01-29 00:00:00+00:00,18203.10088748517
2019-01-30 00:00:00+00:00,25095.13600309967
2019-01-31 00:00:00+00:00,16692.26548496412
2019-02-01 00:00:00+00:00,23591.661023845798
2019-02-02 00:00:00+00:00,16947.199250936075
2019-02-03 00:00:00+00:00,25279.613864899162
2019-02-04 00:00:00+00:00,10626.477570729054
2019-02-05 00:00:00+00:00,21304.720028098425
2019-02-06 00:00:00+00:00,22033.038655743716
2019-02-07 00:00:00+00:00,16756.260263039592
2019-02-08 00:00:00+00:00,16967.43657992514
2019-02-09 00:00:00+00:00,17931.59643377609
2019-02-10 00:00:00+00:00,17980.556373487605
2019-02-11 00:00:00+00:00,14555.486935527199
2019-02-12 00:00:00+00:00,16876.167792749762
2019-02-13 00:00:00+00:00,16320.787540146446
2019-02-14 00:00:00+00:00,15438.354102430567
2019-02-15 00:00:00+00:00,12654.773305350387
2019-02-16 00:00:00+00:00,16202.444948798162
2019-02-17 00:00:00+00:00,35245.07073823973
2019-02-18 00:00:00+00:00,22769.106589269657
2019-02-19 00:00:00+00:00,20293.386869093258
2019-02-20 00:00:00+00:00,32580.314244407105
2019-02-21 00:00:00+00:00,30397.528274411725
2019-02-22 00:00:00+00:00,21858.371974177047
2019-02-23 00:00:00+00:00,21872.69196483516
2019-02-24 00:00:00+00:00,20482.1144361089
2019-02-25 00:00:00+00:00,16390.15344854723
2019-02-26 00:00:00+00:00,32074.928511493927
2019-02-27 00:00:00+00:00,21168.789112857237
2019-02-28 00:00:00+00:00,10836.344859229883
2019-03-01 00:00:00+00:00,28322.75839801267
2019-03-02 00:00:00+00:00,45312.75500201506
2019-03-03 00:00:00+00:00,29606.850060323617
2019-03-04 00:00:00+00:00,35928.20623028099
2019-03-05 00:00:00+00:00,35083.709285705445
2019-03-06 00:00:00+00:00,41877.28240708522
2019-03-07 00:00:00+00:00,50157.46150590012
2019-03-08 00:00:00+00:00,43254.03543328628
2019-03-09 00:00:00+00:00,46608.408830479486
2019-03-10 00:00:00+00:00,36663.17623236336
2019-03-11 00:00:00+00:00,28946.835324740536
2019-03-12 00:00:00+00:00,30260.519812883544
2019-03-13 00:00:00+00:00,28006.471507268157
2019-03-14 00:00:00+00:00,21752.895047477847
2019-03-15 00:00:00+00:00,32652.052231023034
2019-03-16 00:00:00+00:00,40571.531840254305
2019-03-17 00:00:00+00:00,33305.771533453226
2019-03-18 00:00:00+00:00,27779.95851352749
2019-03-19 00:00:00+00:00,33614.84183054086
2019-03-20 00:00:00+00:00,27004.55779165943
2019-03-21 00:00:00+00:00,40613.377964544954
2019-03-22 00:00:00+00:00,47642.42362730003
2019-03-23 00:00:00+00:00,72836.31772447522
2019-03-24 00:00:00+00:00,37164.632608473854
2019-03-25 00:00:00+00:00,25632.80890656118
2019-03-26 00:00:00+00:00,61378.34152377135
2019-03-27 00:00:00+00:00,31793.071284843045
2019-03-28 00:00:00+00:00,29292.67652158048
2019-03-29 00:00:00+00:00,43522.47180260392
2019-03-30 00:00:00+00:00,54304.55457081615
2019-03-31 00:00:00+00:00,44035.141605920544
2019-04-01 00:00:00+00:00,44459.597006513904
2019-04-02 00:00:00+00:00,52992.830455755415
2019-04-03 00:00:00+00:00,35625.87620783968
2019-04-04 00:00:00+00:00,34264.52866274183
2019-04-05 00:00:00+00:00,43516.292793596906
2019-04-06 00:00:00+00:00,36215.04141597349
2019-04-07 00:00:00+00:00,43581.96096999507
2019-04-08 00:00:00+00:00,130721.9876506952
2019-04-09 00:00:00+00:00,55212.69103577628
2019-04-10 00:00:00+00:00,107991.97632196506
2019-04-11 00:00:00+00:00,64276.87863355538
2019-04-12 00:00:00+00:00,72737.70486072007
2019-04-13 00:00:00+00:00,32775.42131883647
2019-04-14 00:00:00+00:00,43463.81607052869
2019-04-15 00:00:00+00:00,450001.8139126928
2019-04-16 00:00:00+00:00,56946.63445322988
2019-04-17 00:00:00+00:00,91908.12676803116
2019-04-18 00:00:00+00:00,81060.19457196136
2019-04-19 00:00:00+00:00,259754.2332541451
2019-04-20 00:00:00+00:00,266623.95624949416
2019-04-21 00:00:00+00:00,52525.54068549191
2019-04-22 00:00:00+00:00,32115.91546168989
2019-04-23 00:00:00+00:00,91044.00028845038
2019-04-24 00:00:00+00:00,79834.55486281983
2019-04-25 00:00:00+00:00,155655.8699721492
2019-04-26 00:00:00+00:00,101934.61758114932
2019-04-27 00:00:00+00:00,192118.3030586533
2019-04-28 00:00:00+00:00,19500.343419048062
2019-04-29 00:00:00+00:00,22052.383747190404
2019-04-30 00:00:00+00:00,55538.88878360901
2019-05-01 00:00:00+00:00,23495.048758724224
2019-05-02 00:00:00+00:00,41896.94866484738
2019-05-03 00:00:00+00:00,47016.568497583285
2019-05-04 00:00:00+00:00,35858.014348074765
2019-05-05 00:00:00+00:00,68398.67751895153
2019-05-06 00:00:00+00:00,190997.5810562332
2019-05-07 00:00:00+00:00,48573.886689197876
2019-05-08 00:00:00+00:00,22506.752277106938
2019-05-09 00:00:00+00:00,33075.15148646284
2019-05-10 00:00:00+00:00,44788.388180723974
2019-05-11 00:00:00+00:00,23944.82165327818
2019-05-12 00:00:00+00:00,29040.376286719766
2019-05-13 00:00:00+00:00,198888.9032509988
2019-05-14 00:00:00+00:00,44835.275156505304
2019-05-15 00:00:00+00:00,39766.03953035362
2019-05-16 00:00:00+00:00,34329.840500866434
2019-05-17 00:00:00+00:00,91448.50554864794
2019-05-18 00:00:00+00:00,26765.85276627259
2019-05-19 00:00:00+00:00,27499.476214676513
2019-05-20 00:00:00+00:00,29018.89737516819
2019-05-21 00:00:00+00:00,87116.02630076591
2019-05-22 00:00:00+00:00,111869.46557348414
2019-05-23 00:00:00+00:00,37685.84654360759
2019-05-24 00:00:00+00:00,34754.956958262264
2019-05-25 00:00:00+00:00,66162.26297781766
2019-05-26 00:00:00+00:00,230548.856292707
2019-05-27 00:00:00+00:00,224826.09442485924
2019-05-28 00:00:00+00:00,39243.67790730717
2019-05-29 00:00:00+00:00,27773.80163014064
2019-05-30 00:00:00+00:00,60113.80263503076
2019-05-31 00:00:00+00:00,67906.01295787131
2019-06-01 00:00:00+00:00,20265.712296598416
2019-06-02 00:00:00+00:00,33944.02801524278
2019-06-03 00:00:00+00:00,43060.471568076086
2019-06-04 00:00:00+00:00,54431.00424256015
2019-06-05 00:00:00+00:00,23698.92051073066
2019-06-06 00:00:00+00:00,27242.396059858293
2019-06-07 00:00:00+00:00,28512.043363587498
2019-06-08 00:00:00+00:00,24863.526443438896
2019-06-09 00:00:00+00:00,31705.534092001588
2019-06-10 00:00:00+00:00,25605.072222650757
2019-06-11 00:00:00+00:00,28227.004919148323
2019-06-12 00:00:00+00:00,57813.92504139012
2019-06-13 00:00:00+00:00,63144.19581831759
2019-06-14 00:00:00+00:00,89305.12845475534
2019-06-15 00:00:00+00:00,42109.04281188075
2019-06-16 00:00:00+00:00,30743.276403528413
2019-06-17 00:00:00+00:00,23776.772641237676
2019-06-18 00:00:00+00:00,32561.63381848453
2019-06-19 00:00:00+00:00,51383.23389021564
2019-06-20 00:00:00+00:00,28921.661327089907
2019-06-21 00:00:00+00:00,31970.37058908889
2019-06-22 00:00:00+00:00,50598.84732886684
2019-06-23 00:00:00+00:00,46993.77795034469
2019-06-24 00:00:00+00:00,35649.28259538869
2019-06-25 00:00:00+00:00,33282.899926499114
2019-06-26 00:00:00+00:00,30489.50417910763
2019-06-27 00:00:00+00:00,24333.765323701904
2019-06-28 00:00:00+00:00,28633.17482859401
2019-06-29 00:00:00+00:00,31510.370006400663
2019-06-30 00:00:00+00:00,30648.78081612477
2019-07-01 00:00:00+00:00,32935.71025654856
2019-07-02 00:00:00+00:00,467059.06841621286
2019-07-03 00:00:00+00:00,81945.6219938058
2019-07-04 00:00:00+00:00,36634.396282394984
2019-07-05 00:00:00+00:00,26443.97483045755
2019-07-06 00:00:00+00:00,18975.561495114147
2019-07-07 00:00:00+00:00,27017.79572487058
2019-07-08 00:00:00+00:00,35427.87556673257
2019-07-09 00:00:00+00:00,33185.73357358453
2019-07-10 00:00:00+00:00,97727.67252190314
2019-07-11 00:00:00+00:00,94530.04855530719
2019-07-12 00:00:00+00:00,527115.0101871497
2019-07-13 00:00:00+00:00,43385.599200786855
2019-07-14 00:00:00+00:00,23436.157848387757
2019-07-15 00:00:00+00:00,43088.797490476136
2019-07-16 00:00:00+00:00,15441.348482275354
2019-07-17 00:00:00+00:00,53868.89535410423
2019-07-18 00:00:00+00:00,18336.220656436904
2019-07-19 00:00:00+00:00,19785.025295261254
2019-07-20 00:00:00+00:00,17661.563050532248
2019-07-21 00:00:00+00:00,23780.60474289345
2019-07-22 00:00:00+00:00,21227.923999091334
2019-07-23 00:00:00+00:00,33726.96121344676
2019-07-24 00:00:00+00:00,15817.094410919917
2019-07-25 00:00:00+00:00,12730.627810548893
2019-07-26 00:00:00+00:00,21495.71822603009
2019-07-27 00:00:00+00:00,21069.614092001793
2019-07-28 00:00:00+00:00,22362.800478014
2019-07-29 00:00:00+00:00,42481.84019416815
2019-07-30 00:00:00+00:00,21891.77901491931
2019-07-31 00:00:00+00:00,31013.422598480796
2019-08-01 00:00:00+00:00,18494.83075131172
2019-08-02 00:00:00+00:00,18376.960903347343
2019-08-03 00:00:00+00:00,25316.369426257752
2019-08-04 00:00:00+00:00,23716.150649996627
2019-08-05 00:00:00+00:00,21235.731295715486
2019-08-06 00:00:00+00:00,18311.406221546822
2019-08-07 00:00:00+00:00,22708.538175847676
2019-08-08 00:00:00+00:00,24394.397834718384
2019-08-09 00:00:00+00:00,15005.195712126548
2019-08-10 00:00:00+00:00,16522.32523239034
2019-08-11 00:00:00+00:00,17738.88389984172
2019-08-12 00:00:00+00:00,18247.594823558487
2019-08-13 00:00:00+00:00,30422.111518885897
2019-08-14 00:00:00+00:00,26579.815298574038
2019-08-15 00:00:00+00:00,18332.402549157385
2019-08-16 00:00:00+00:00,30120.418786688882
2019-08-17 00:00:00+00:00,15735.049311055753
2019-08-18 00:00:00+00:00,17024.33412844573
2019-08-19 00:00:00+00:00,18478.48602383964
2019-08-20 00:00:00+00:00,14878.808048818486
2019-08-21 00:00:00+00:00,14584.272521564282
2019-08-22 00:00:00+00:00,14438.343671323972
2019-08-23 00:00:00+00:00,14938.662662534716
2019-08-24 00:00:00+00:00,17010.656259652395
2019-08-25 00:00:00+00:00,24832.632963253527
2019-08-26 00:00:00+00:00,20021.036928715286
2019-08-27 00:00:00+00:00,17726.416800561125
2019-08-28 00:00:00+00:00,14668.611135726322
2019-08-29 00:00:00+00:00,24003.528929674834
2019-08-30 00:00:00+00:00,19053.165789281134
2019-08-31 00:00:00+00:00,25237.032388472424
2019-09-01 00:00:00+00:00,27103.393873348978
2019-09-02 00:00:00+00:00,29010.279711751813
2019-09-03 00:00:00+00:00,20384.170818470542
2019-09-04 00:00:00+00:00,41136.74363866116
2019-09-05 00:00:00+00:00,17172.686732019683
2019-09-06 00:00:00+00:00,20876.74816902266
2019-09-07 00:00:00+00:00,18961.114504017434
2019-09-08 00:00:00+00:00,19699.70963863077
2019-09-09 00:00:00+00:00,60572.25843182882
2019-09-10 00:00:00+00:00,22505.784430289117
2019-09-11 00:00:00+00:00,25263.189193978422
2019-09-12 00:00:00+00:00,32505.3221541724
2019-09-13 00:00:00+00:00,58016.08848894943
2019-09-14 00:00:00+00:00,21077.679258186407
2019-09-15 00:00:00+00:00,19729.14920287682
2019-09-16 00:00:00+00:00,36185.0598452656
2019-09-17 00:00:00+00:00,26455.3599995318
2019-09-18 00:00:00+00:00,22957.445464757835
2019-09-19 00:00:00+00:00,66211.71858046114
2019-09-20 00:00:00+00:00,19384.666167976597
2019-09-21 00:00:00+00:00,27070.233467574155
2019-09-22 00:00:00+00:00,22090.520876657814
2019-09-23 00:00:00+00:00,26278.27585107094
2019-09-24 00:00:00+00:00,28706.70421353906
2019-09-25 00:00:00+00:00,23630.81580881976
2019-09-26 00:00:00+00:00,25403.866502141827
2019-09-27 00:00:00+00:00,15494.422480825724
2019-09-28 00:00:00+00:00,13541.123901533178
2019-09-29 00:00:00+00:00,23783.385486804225
2019-09-30 00:00:00+00:00,20295.646594331367
2019-10-01 00:00:00+00:00,23449.296809241107
2019-10-02 00:00:00+00:00,28501.62913900038
2019-10-03 00:00:00+00:00,18517.783339745693
2019-10-04 00:00:00+00:00,15477.137236004388
2019-10-05 00:00:00+00:00,13634.14749016521
2019-10-06 00:00:00+00:00,46270.2123390395
2019-10-07 00:00:00+00:00,37121.922942407546
2019-10-08 00:00:00+00:00,25781.7198178148
2019-10-09 00:00:00+00:00,15143.73277154458
2019-10-10 00:00:00+00:00,18782.716494970813
2019-10-11 00:00:00+00:00,17152.412081781385
2019-10-12 00:00:00+00:00,13309.219400592307
2019-10-13 00:00:00+00:00,33228.442471435555
2019-10-14 00:00:00+00:00,45634.53051259868
2019-10-15 00:00:00+00:00,50482.882076974216
2019-10-16 00:00:00+00:00,45284.90963918964
2019-10-17 00:00:00+00:00,30172.6676112166
2019-10-18 00:00:00+00:00,39192.46290745079
2019-10-19 00:00:00+00:00,26924.31913443071
2019-10-20 00:00:00+00:00,25246.710601295374
2019-10-21 00:00:00+00:00,37857.039622294535
2019-10-22 00:00:00+00:00,29445.00160135465
2019-10-23 00:00:00+00:00,22193.395070703053
2019-10-24 00:00:00+00:00,27489.605357271565
2019-10-25 00:00:00+00:00,23026.34732769707
2019-10-26 00:00:00+00:00,29610.088447510865
2019-10-27 00:00:00+00:00,28327.288100039445
2019-10-28 00:00:00+00:00,33162.35738770707
2019-10-29 00:00:00+00:00,27581.910336990124
2019-10-30 00:00:00+00:00,27823.540623731205
2019-10-31 00:00:00+00:00,41807.59103736672
2019-11-01 00:00:00+00:00,16597.728786191146
2019-11-02 00:00:00+00:00,42990.78532298331
2019-11-03 00:00:00+00:00,25793.884570253816
2019-11-04 00:00:00+00:00,34230.35126101134
2019-11-05 00:00:00+00:00,23499.51355065306
2019-11-06 00:00:00+00:00,24407.746791076803
2019-11-07 00:00:00+00:00,19501.858383607756
2019-11-08 00:00:00+00:00,20526.31738195355
2019-11-09 00:00:00+00:00,20500.524258346013
2019-11-10 00:00:00+00:00,39194.30913679011
2019-11-11 00:00:00+00:00,21111.758069553787
2019-11-12 00:00:00+00:00,23195.764020350754
2019-11-13 00:00:00+00:00,26344.8120257689
2019-11-14 00:00:00+00:00,21825.688174253413
2019-11-15 00:00:00+00:00,13713.510113161712
2019-11-16 00:00:00+00:00,16758.591234437314
2019-11-18 00:00:00+00:00,25626.284859395175
2019-11-19 00:00:00+00:00,30715.713228126646
2019-11-20 00:00:00+00:00,34743.97126039603
2019-11-21 00:00:00+00:00,24063.439573588184
2019-11-22 00:00:00+00:00,98526.98534377398
2019-11-23 00:00:00+00:00,72944.6649782252
2019-11-24 00:00:00+00:00,56750.04088090014
2019-11-25 00:00:00+00:00,50767.70077405436
2019-11-26 00:00:00+00:00,35559.69646803001
2019-11-27 00:00:00+00:00,50576.54647695752
2019-11-28 00:00:00+00:00,50121.541637122384
2019-11-29 00:00:00+00:00,61551.16974242501
2019-11-30 00:00:00+00:00,61801.075908867664
2019-12-01 00:00:00+00:00,50905.06994009133
2019-12-02 00:00:00+00:00,45271.04290824535
2019-12-03 00:00:00+00:00,62399.2038365605
2019-12-04 00:00:00+00:00,49438.238969221595
2019-12-05 00:00:00+00:00,48600.52016158525
2019-12-06 00:00:00+00:00,34264.1624680155
2019-12-07 00:00:00+00:00,27462.069593131484
2019-12-08 00:00:00+00:00,47645.07851482187
2019-12-09 00:00:00+00:00,51249.41031615347
2019-12-10 00:00:00+00:00,65980.39241825885
2019-12-11 00:00:00+00:00,47726.616629935845
2019-12-12 00:00:00+00:00,32123.796095599406
2019-12-13 00:00:00+00:00,35368.026846802655
2019-12-14 00:00:00+00:00,40314.797423575576
2019-12-15 00:00:00+00:00,31631.565442837782
2019-12-16 00:00:00+00:00,42247.14421732878
2019-12-17 00:00:00+00:00,36237.97878987856
2019-12-18 00:00:00+00:00,180177.8818727021
2019-12-19 00:00:00+00:00,82690.22179335539
2019-12-20 00:00:00+00:00,74907.89100089934
2019-12-21 00:00:00+00:00,51674.95204192687
2019-12-22 00:00:00+00:00,43722.02117358878
2019-12-23 00:00:00+00:00,58675.5810977659
2019-12-24 00:00:00+00:00,55205.48825424716
2019-12-25 00:00:00+00:00,49170.63347662162
2019-12-26 00:00:00+00:00,88063.10210811411
2019-12-27 00:00:00+00:00,65388.389922860515
2019-12-28 00:00:00+00:00,46794.5153504637
2019-12-29 00:00:00+00:00,58562.07942242977
2019-12-30 00:00:00+00:00,50244.91725141847
2019-12-31 00:00:00+00:00,19186.54059046731
2020-01-01 00:00:00+00:00,33872.51834521598
2020-01-02 00:00:00+00:00,40671.61701432528
2020-01-03 00:00:00+00:00,55071.81242359561
2020-01-04 00:00:00+00:00,90243.56974481323
2020-01-05 00:00:00+00:00,54774.81459660955
2020-01-06 00:00:00+00:00,76233.65487096817
2020-01-07 00:00:00+00:00,75137.8791528586
2020-01-08 00:00:00+00:00,58144.55900481204
2020-01-09 00:00:00+00:00,33432.39042933976
2020-01-10 00:00:00+00:00,46637.692299102615
2020-01-11 00:00:00+00:00,68353.767220709
2020-01-12 00:00:00+00:00,69828.73409915177
2020-01-13 00:00:00+00:00,49110.31114023128
2020-01-14 00:00:00+00:00,60882.2061306543
2020-01-15 00:00:00+00:00,37881.69071069422
2020-01-16 00:00:00+00:00,48125.134533643744
2020-01-17 00:00:00+00:00,110657.58209730584
2020-01-18 00:00:00+00:00,34902.077495437356
2020-01-19 00:00:00+00:00,32128.651866766253
2020-01-20 00:00:00+00:00,35881.78870655596
2020-01-21 00:00:00+00:00,50221.53058240855
2020-01-22 00:00:00+00:00,40826.20504358863
2020-01-23 00:00:00+00:00,136991.6893991622
2020-01-24 00:00:00+00:00,45604.3332225248
2020-01-25 00:00:00+00:00,31106.813351525205
2020-01-26 00:00:00+00:00,41720.71608595463
2020-01-27 00:00:00+00:00,36420.76210994992
2020-01-28 00:00:00+00:00,60347.114788260915
2020-01-29 00:00:00+00:00,39549.40986694305
2020-01-30 00:00:00+00:00,26075.56110259045
2020-01-31 00:00:00+00:00,44475.40338217371
2020-02-01 00:00:00+00:00,21139.969402252307
2020-02-02 00:00:00+00:00,46038.06141722133
2020-02-03 00:00:00+00:00,43556.157056639815
2020-02-04 00:00:00+00:00,48859.514849414205
2020-02-05 00:00:00+00:00,99497.22352367592
2020-02-06 00:00:00+00:00,91312.82264161622
2020-02-07 00:00:00+00:00,173871.71313161502
2020-02-08 00:00:00+00:00,43312.65418599712
2020-02-09 00:00:00+00:00,57559.99958494735
2020-02-10 00:00:00+00:00,41193.471097009504
2020-02-11 00:00:00+00:00,61977.53239661598
2020-02-12 00:00:00+00:00,72042.12886890593
2020-02-13 00:00:00+00:00,58131.28911721113
2020-02-14 00:00:00+00:00,47466.11041319797
2020-02-15 00:00:00+00:00,58163.63686523038
2020-02-16 00:00:00+00:00,61922.05588112594
2020-02-17 00:00:00+00:00,78687.22928107585
2020-02-18 00:00:00+00:00,175439.351873841
2020-02-19 00:00:00+00:00,51123.49885139406
2020-02-20 00:00:00+00:00,45082.52468533801
2020-02-21 00:00:00+00:00,45304.748974819
2020-02-22 00:00:00+00:00,59563.643959013774
2020-02-23 00:00:00+00:00,46284.07174879314
2020-02-24 00:00:00+00:00,63954.37977958322
2020-02-25 00:00:00+00:00,95007.87223069102
2020-02-26 00:00:00+00:00,53700.23567023016
2020-02-27 00:00:00+00:00,41655.968011266275
2020-02-28 00:00:00+00:00,61050.15074938522
2020-02-29 00:00:00+00:00,39641.78331940543
2020-03-01 00:00:00+00:00,38338.4319931055
2020-03-02 00:00:00+00:00,47219.91707333554
2020-03-03 00:00:00+00:00,85192.78845827666
2020-03-04 00:00:00+00:00,45136.80336671381
2020-03-05 00:00:00+00:00,38943.98981781653
2020-03-06 00:00:00+00:00,38967.3158918335
2020-03-07 00:00:00+00:00,41401.645028471336
2020-03-08 00:00:00+00:00,49241.58484751211
2020-03-09 00:00:00+00:00,41548.47187302067
2020-03-10 00:00:00+00:00,52483.48021907752
2020-03-11 00:00:00+00:00,49023.40373197554
2020-03-12 00:00:00+00:00,48816.64970563523
2020-03-13 00:00:00+00:00,97761.05448305888
2020-03-14 00:00:00+00:00,51850.692725335866
2020-03-15 00:00:00+00:00,37737.063941797736
2020-03-16 00:00:00+00:00,29500.939573492542
2020-03-17 00:00:00+00:00,42594.84139689524
2020-03-18 00:00:00+00:00,24781.340442066594
2020-03-19 00:00:00+00:00,23711.134704170676
2020-03-20 00:00:00+00:00,25445.846861994207
2020-03-21 00:00:00+00:00,42299.00581079959
2020-03-22 00:00:00+00:00,39554.64973324214
2020-03-23 00:00:00+00:00,36559.09645320653
2020-03-24 00:00:00+00:00,46978.563433739844
2020-03-25 00:00:00+00:00,30664.698662644656
2020-03-26 00:00:00+00:00,30058.045254198198
2020-03-27 00:00:00+00:00,29756.422969980737
2020-03-28 00:00:00+00:00,46203.274943928074
2020-03-29 00:00:00+00:00,33833.69734737559
2020-03-30 00:00:00+00:00,32754.49108960791
2020-03-31 00:00:00+00:00,45406.204953925844
2020-04-01 00:00:00+00:00,24052.652880321548
2020-04-02 00:00:00+00:00,28408.464926891542
2020-04-03 00:00:00+00:00,30786.128427387546
2020-04-04 00:00:00+00:00,54071.41166120363
2020-04-05 00:00:00+00:00,32385.60819344059
2020-04-06 00:00:00+00:00,25154.401970437968
2020-04-07 00:00:00+00:00,54419.85665745528
2020-04-08 00:00:00+00:00,47429.78484621366
2020-04-09 00:00:00+00:00,40922.566785995456
2020-04-10 00:00:00+00:00,48801.7661304625
2020-04-11 00:00:00+00:00,26316.9464936457
2020-04-12 00:00:00+00:00,23861.5215318127
2020-04-13 00:00:00+00:00,45545.602753778476
2020-04-14 00:00:00+00:00,27462.57416954673
2020-04-15 00:00:00+00:00,25479.724733538536
2020-04-16 00:00:00+00:00,62295.981806574535
2020-04-17 00:00:00+00:00,41409.406760099366
2020-04-18 00:00:00+00:00,87711.35520190533
2020-04-19 00:00:00+00:00,25291.77868489531
2020-04-20 00:00:00+00:00,24849.152833782668
2020-04-21 00:00:00+00:00,78028.8081750067
2020-04-22 00:00:00+00:00,48498.38099406335
2020-04-23 00:00:00+00:00,83496.36944820848
2020-04-24 00:00:00+00:00,49229.832303500065
2020-04-25 00:00:00+00:00,53354.6428460178
2020-04-26 00:00:00+00:00,67323.89005835044
2020-04-27 00:00:00+00:00,41010.2201659687
2020-04-28 00:00:00+00:00,35872.95803359943
2020-04-29 00:00:00+00:00,44222.518998847445
2020-04-30 00:00:00+00:00,45293.7529079995
2020-05-01 00:00:00+00:00,78112.86689373084
2020-05-02 00:00:00+00:00,68802.63484525337
2020-05-03 00:00:00+00:00,43744.42372107976
2020-05-04 00:00:00+00:00,49214.06473779091
2020-05-05 00:00:00+00:00,37750.444187809
2020-05-06 00:00:00+00:00,30843.913016791932
2020-05-07 00:00:00+00:00,38016.85234946182
2020-05-08 00:00:00+00:00,74275.8583290682
2020-05-09 00:00:00+00:00,43951.58806891354
2020-05-10 00:00:00+00:00,34374.942909841164
2020-05-11 00:00:00+00:00,27333.191624168016
2020-05-12 00:00:00+00:00,27675.794098833998
2020-05-13 00:00:00+00:00,44243.762027096454
2020-05-14 00:00:00+00:00,48156.59390990506
2020-05-15 00:00:00+00:00,50367.61217607673
2020-05-16 00:00:00+00:00,57338.9922794268
2020-05-17 00:00:00+00:00,31475.98029893002
2020-05-18 00:00:00+00:00,36736.299034922034
2020-05-19 00:00:00+00:00,28287.948091650298
2020-05-20 00:00:00+00:00,80188.42345589171
2020-05-21 00:00:00+00:00,76854.7659054931
2020-05-22 00:00:00+00:00,78898.82483680792
2020-05-23 00:00:00+00:00,58919.767603735934
2020-05-24 00:00:00+00:00,170375.67673050013
2020-05-25 00:00:00+00:00,30037.38502860381
2020-05-26 00:00:00+00:00,50416.074774099776
2020-05-27 00:00:00+00:00,59087.466486286765
2020-05-28 00:00:00+00:00,45042.98221296786
2020-05-29 00:00:00+00:00,32680.18711585863
2020-05-30 00:00:00+00:00,25574.273613653004
2020-05-31 00:00:00+00:00,24640.521864897888
2020-06-01 00:00:00+00:00,46730.274474135054
2020-06-02 00:00:00+00:00,37477.84292782368
2020-06-03 00:00:00+00:00,55423.43460430638
2020-06-04 00:00:00+00:00,47571.43566568954
2020-06-05 00:00:00+00:00,30340.18185967482
2020-06-06 00:00:00+00:00,49493.144840058456
2020-06-07 00:00:00+00:00,26831.69600364392
2020-06-08 00:00:00+00:00,26852.255735766827
2020-06-09 00:00:00+00:00,45438.34055052829
2020-06-10 00:00:00+00:00,53060.34716084046
2020-06-11 00:00:00+00:00,44974.02193894885
2020-06-12 00:00:00+00:00,27696.209141375755
2020-06-13 00:00:00+00:00,71291.41066836007
2020-06-14 00:00:00+00:00,36742.45459051027
2020-06-15 00:00:00+00:00,52925.781078537206
2020-06-16 00:00:00+00:00,41740.508275981214
2020-06-17 00:00:00+00:00,59163.23535479717
2020-06-18 00:00:00+00:00,51524.84330137271
2020-06-19 00:00:00+00:00,35268.462978813375
2020-06-20 00:00:00+00:00,20753.2228888898
2020-06-21 00:00:00+00:00,24792.20207544921
2020-06-22 00:00:00+00:00,38904.2406529701
2020-06-23 00:00:00+00:00,33197.14303727134
2020-06-24 00:00:00+00:00,42780.34476036466
2020-06-25 00:00:00+00:00,39594.6501806861
2020-06-26 00:00:00+00:00,28979.41087184181
2020-06-27 00:00:00+00:00,19674.273408467925
2020-06-28 00:00:00+00:00,26652.169371324817
2020-06-29 00:00:00+00:00,36859.973620417244
2020-06-30 00:00:00+00:00,60585.81540112496
2020-07-01 00:00:00+00:00,60509.76563438206
2020-07-02 00:00:00+00:00,45207.90183649324
2020-07-03 00:00:00+00:00,30282.227134926834
2020-07-04 00:00:00+00:00,34249.38855580334
2020-07-05 00:00:00+00:00,29209.139619404385
2020-07-06 00:00:00+00:00,29443.910736935868
2020-07-07 00:00:00+00:00,34516.48100927842
2020-07-08 00:00:00+00:00,70545.31783847895
2020-07-09 00:00:00+00:00,52515.61369568799
2020-07-11 00:00:00+00:00,102418.6144552997
2020-07-12 00:00:00+00:00,56882.34100618183
2020-07-13 00:00:00+00:00,81868.7081853426
2020-07-14 00:00:00+00:00,67483.81517968683
2020-07-15 00:00:00+00:00,45328.7091963658
2020-07-16 00:00:00+00:00,92343.09708273305
2020-07-17 00:00:00+00:00,35609.760862839816
2020-07-18 00:00:00+00:00,119170.0404025242
2020-07-19 00:00:00+00:00,132581.7237521987
2020-07-20 00:00:00+00:00,59901.26124684042
2020-07-21 00:00:00+00:00,50863.5102185673
2020-07-23 00:00:00+00:00,75291.68089524479
2020-07-24 00:00:00+00:00,56173.87566159853
2020-07-25 00:00:00+00:00,96333.81736997391
2020-07-26 00:00:00+00:00,163708.04768835573
2020-07-27 00:00:00+00:00,66059.51726167693
2020-07-28 00:00:00+00:00,85688.77842416478
2020-07-29 00:00:00+00:00,97018.93422501194
2020-07-30 00:00:00+00:00,134268.9203221511
2020-07-31 00:00:00+00:00,52654.702063407894
2020-08-01 00:00:00+00:00,36474.74746561557
2020-08-02 00:00:00+00:00,62187.605562588426
2020-08-03 00:00:00+00:00,139760.04463125413
2020-08-04 00:00:00+00:00,109891.68736486376
2020-08-05 00:00:00+00:00,47614.569742519685
2020-08-06 00:00:00+00:00,66674.06838316307
2020-08-07 00:00:00+00:00,93234.44657482416
2020-08-08 00:00:00+00:00,297398.3764287276
2020-08-09 00:00:00+00:00,89361.36405285743
2020-08-10 00:00:00+00:00,38407.740753814505
2020-08-11 00:00:00+00:00,80736.73909692194
2020-08-12 00:00:00+00:00,55938.27447062674
2020-08-13 00:00:00+00:00,52707.418872600865
2020-08-14 00:00:00+00:00,76802.64033111453
2020-08-15 00:00:00+00:00,125182.400461262
2020-08-16 00:00:00+00:00,62622.82215823258
2020-08-17 00:00:00+00:00,42377.86653849267
2020-08-18 00:00:00+00:00,108502.47137861303
2020-08-19 00:00:00+00:00,69696.82565039629
2020-08-20 00:00:00+00:00,88993.41523238755
2020-08-21 00:00:00+00:00,86402.68566836554
2020-08-22 00:00:00+00:00,85315.19519046407
2020-08-23 00:00:00+00:00,150200.39806258678
2020-08-24 00:00:00+00:00,65394.647697445
2020-08-25 00:00:00+00:00,51780.00719083386
2020-08-26 00:00:00+00:00,67311.06808483801
2020-08-27 00:00:00+00:00,68341.67630162562
2020-08-28 00:00:00+00:00,162803.24919950616
2020-08-29 00:00:00+00:00,66191.71742333658
2020-08-30 00:00:00+00:00,62384.37848580236
2020-08-31 00:00:00+00:00,33438.791510505405
2020-09-01 00:00:00+00:00,34772.209071973455
2020-09-02 00:00:00+00:00,24198.381737118652
2020-09-03 00:00:00+00:00,43011.47502700891
2020-09-04 00:00:00+00:00,74691.908408164
2020-09-05 00:00:00+00:00,48435.03781384521
2020-09-06 00:00:00+00:00,300723.89408774854
2020-09-07 00:00:00+00:00,144667.61508159337
2020-09-08 00:00:00+00:00,82410.0324192568
2020-09-09 00:00:00+00:00,352607.30634606327
2020-09-10 00:00:00+00:00,774064.7789244107
2020-09-11 00:00:00+00:00,233590.39097159004
2020-09-12 00:00:00+00:00,296861.75282926287
2020-09-13 00:00:00+00:00,244037.14523839066
2020-09-14 00:00:00+00:00,1747053.701209486
2020-09-15 00:00:00+00:00,788111.2197053384
2020-09-16 00:00:00+00:00,223531.88786848832
2020-09-17 00:00:00+00:00,155289.47523609808
2020-09-18 00:00:00+00:00,273101.6095035577
2020-09-19 00:00:00+00:00,304598.02346644265
2020-09-20 00:00:00+00:00,449944.75734260475
2020-09-21 00:00:00+00:00,240898.1613449391
2020-09-22 00:00:00+00:00,471522.50226734823
2020-09-23 00:00:00+00:00,456833.7691212876
2020-09-24 00:00:00+00:00,962669.5468192089
2020-09-25 00:00:00+00:00,917760.538441271
2020-09-26 00:00:00+00:00,943373.4071162634
2020-09-27 00:00:00+00:00,806015.158014361
2020-09-28 00:00:00+00:00,1215917.0888275001
2020-09-29 00:00:00+00:00,717512.3091113103
2020-09-30 00:00:00+00:00,534146.7166480783
2020-10-01 00:00:00+00:00,516287.4453035871
2020-10-02 00:00:00+00:00,477118.6068371503
2020-10-03 00:00:00+00:00,524242.72931277996
2020-10-04 00:00:00+00:00,571493.2507121011
2020-10-05 00:00:00+00:00,402461.7861092741
2020-10-06 00:00:00+00:00,330392.5895253371
2020-10-07 00:00:00+00:00,545151.1121111888
2020-10-08 00:00:00+00:00,619216.255325298
2020-10-09 00:00:00+00:00,951322.6593659191
2020-10-10 00:00:00+00:00,639032.5042975167
2020-10-11 00:00:00+00:00,512261.5379765426
2020-10-12 00:00:00+00:00,415675.2728980825
2020-10-13 00:00:00+00:00,303145.4549084589
2020-10-14 00:00:00+00:00,408757.328783375
2020-10-15 00:00:00+00:00,650044.6638154271
2020-10-16 00:00:00+00:00,440195.98392537556
2020-10-17 00:00:00+00:00,355500.288921339
2020-10-18 00:00:00+00:00,464969.9620960382
2020-10-19 00:00:00+00:00,497298.0080600319
2020-10-20 00:00:00+00:00,342178.1766867864
2020-10-21 00:00:00+00:00,343627.1993586242
2020-10-22 00:00:00+00:00,581696.5963053334
2020-10-23 00:00:00+00:00,352768.04849183984
2020-10-24 00:00:00+00:00,464427.5357089462
2020-10-25 00:00:00+00:00,484149.74705727893
2020-10-26 00:00:00+00:00,347784.5082407095
2020-10-27 00:00:00+00:00,306834.5789247286
2020-10-28 00:00:00+00:00,357501.2942777348
2020-10-29 00:00:00+00:00,275913.6421242771
2020-10-30 00:00:00+00:00,301706.5579405321
2020-10-31 00:00:00+00:00,440010.66534301045
2020-11-01 00:00:00+00:00,601622.4882314734
2020-11-02 00:00:00+00:00,410137.5129354464
2020-11-03 00:00:00+00:00,382940.846112938
2020-11-04 00:00:00+00:00,443112.7374439036
2020-11-05 00:00:00+00:00,231932.84341494675
2020-11-06 00:00:00+00:00,439097.7418532821
2020-11-07 00:00:00+00:00,366331.9608088726
2020-11-08 00:00:00+00:00,633460.3072858412
2020-11-09 00:00:00+00:00,269115.19313065975
2020-11-10 00:00:00+00:00,423816.3688542631
2020-11-11 00:00:00+00:00,394778.68559518934
2020-11-12 00:00:00+00:00,420527.00763817166
2020-11-13 00:00:00+00:00,557817.7447179761
2020-11-14 00:00:00+00:00,506371.9425815366
2020-11-15 00:00:00+00:00,512205.2464453759
2020-11-16 00:00:00+00:00,270063.2227968073
2020-11-17 00:00:00+00:00,267857.6812135853
2020-11-18 00:00:00+00:00,343818.1183092268
2020-11-19 00:00:00+00:00,515270.9227300052
2020-11-20 00:00:00+00:00,336663.6111196233
2020-11-21 00:00:00+00:00,492137.5702991064
2020-11-22 00:00:00+00:00,478542.95462340885
2020-11-23 00:00:00+00:00,329398.31435636955
2020-11-24 00:00:00+00:00,262463.86505269667
2020-11-25 00:00:00+00:00,291473.09424449934
2020-11-26 00:00:00+00:00,342246.0055633547
2020-11-27 00:00:00+00:00,396717.53737182694
2020-11-28 00:00:00+00:00,462596.38506160694
2020-11-29 00:00:00+00:00,445888.9039908717
2020-11-30 00:00:00+00:00,188152.17281914956
2020-12-01 00:00:00+00:00,185890.55593359197
2020-12-02 00:00:00+00:00,314536.409083706
2020-12-03 00:00:00+00:00,319297.403306835
2020-12-04 00:00:00+00:00,408519.31716913346
2020-12-05 00:00:00+00:00,456301.02816798835
2020-12-06 00:00:00+00:00,470051.8527324564
2020-12-07 00:00:00+00:00,398320.6717532041
2020-12-08 00:00:00+00:00,363542.42136120924
2020-12-09 00:00:00+00:00,340689.8291450217
2020-12-10 00:00:00+00:00,384627.3135799042
2020-12-11 00:00:00+00:00,475902.6649878731
2020-12-12 00:00:00+00:00,435938.44298827386
2020-12-13 00:00:00+00:00,443375.277266796
2020-12-14 00:00:00+00:00,250973.23652696813
2020-12-15 00:00:00+00:00,196725.09072937627
2020-12-16 00:00:00+00:00,254392.3150107447
2020-12-17 00:00:00+00:00,272931.5364379192
2020-12-18 00:00:00+00:00,361866.0125597217
2020-12-19 00:00:00+00:00,388101.9116341894
2020-12-20 00:00:00+00:00,634114.0161864534
2020-12-21 00:00:00+00:00,360696.8345459618
2020-12-22 00:00:00+00:00,446213.61999614246
2020-12-23 00:00:00+00:00,301939.7971532533
2020-12-24 00:00:00+00:00,373942.601448746
2020-12-25 00:00:00+00:00,379566.61466544145
2020-12-26 00:00:00+00:00,324347.7780098424
2020-12-27 00:00:00+00:00,330536.12455775077
2020-12-28 00:00:00+00:00,167589.0336861235
2020-12-29 00:00:00+00:00,246832.30967443206
2020-12-30 00:00:00+00:00,469078.2180717575
2020-12-31 00:00:00+00:00,227828.46460938794
2021-01-01 00:00:00+00:00,421118.1105916963
2021-01-02 00:00:00+00:00,301934.3436178015
2021-01-03 00:00:00+00:00,292370.65814984415
2021-01-04 00:00:00+00:00,563050.2324573383
2021-01-05 00:00:00+00:00,317570.90681606095
2021-01-06 00:00:00+00:00,502983.0544638922
2021-01-07 00:00:00+00:00,362024.77868636465
2021-01-08 00:00:00+00:00,387520.27121269447
2021-01-09 00:00:00+00:00,427053.82309763355
2021-01-10 00:00:00+00:00,806597.6704782132
2021-01-11 00:00:00+00:00,196436.275445608
2021-01-12 00:00:00+00:00,338242.21572687797
2021-01-13 00:00:00+00:00,325400.99721320387
2021-01-14 00:00:00+00:00,325540.3152389367
2021-01-15 00:00:00+00:00,277713.9251257649
2021-01-16 00:00:00+00:00,580510.0120472712
2021-01-17 00:00:00+00:00,425352.1888781489
2021-01-18 00:00:00+00:00,498288.12135739013
2021-01-19 00:00:00+00:00,404206.740335924
2021-01-20 00:00:00+00:00,348638.7400726477
2021-01-21 00:00:00+00:00,440409.74581556174
2021-01-22 00:00:00+00:00,447500.29342118435
2021-01-23 00:00:00+00:00,647328.6617429551
2021-01-24 00:00:00+00:00,1026283.8997184347
2021-01-25 00:00:00+00:00,538757.2242228988
2021-01-26 00:00:00+00:00,554299.7253642841
2021-01-27 00:00:00+00:00,1098692.962663132
2021-01-28 00:00:00+00:00,1000803.2321350329
2021-01-29 00:00:00+00:00,897998.453848258
2021-01-30 00:00:00+00:00,855689.2439907767
2021-01-31 00:00:00+00:00,1570294.1037894748
2021-02-01 00:00:00+00:00,2842299.0417016824
2021-02-02 00:00:00+00:00,7360296.642726365
2021-02-03 00:00:00+00:00,3264643.9761846373
2021-02-04 00:00:00+00:00,3153026.0029695854
2021-02-05 00:00:00+00:00,2633084.082713711
2021-02-06 00:00:00+00:00,2985839.915208431
2021-02-07 00:00:00+00:00,2861028.593350335
2021-02-08 00:00:00+00:00,2407100.673797807
2021-02-09 00:00:00+00:00,2980894.154033071
2021-02-10 00:00:00+00:00,2238008.5590143614
2021-02-11 00:00:00+00:00,2976810.972173065
2021-02-12 00:00:00+00:00,2277356.197490764
2021-02-13 00:00:00+00:00,4778342.616198396
2021-02-14 00:00:00+00:00,7176648.190127834
2021-02-15 00:00:00+00:00,6177639.186290598
2021-02-16 00:00:00+00:00,8306045.686616046
2021-02-17 00:00:00+00:00,12018471.095811103
2021-02-18 00:00:00+00:00,10330843.847517323
2021-02-19 00:00:00+00:00,12619637.528295342
2021-02-20 00:00:00+00:00,8239615.398372989
2021-02-21 00:00:00+00:00,16729474.505959036
2021-02-22 00:00:00+00:00,17136279.28585215
2021-02-23 00:00:00+00:00,9975368.119629927
2021-02-24 00:00:00+00:00,9112495.593598723
2021-02-25 00:00:00+00:00,63551331.230864905
2021-02-26 00:00:00+00:00,5948020.434216183
2021-02-27 00:00:00+00:00,6959859.091493374
2021-02-28 00:00:00+00:00,6027922.8705896195
2021-03-01 00:00:00+00:00,6227266.041682698
2021-03-02 00:00:00+00:00,8326483.592680756
2021-03-03 00:00:00+00:00,7755334.8407246
2021-03-04 00:00:00+00:00,5396068.609151021
2021-03-05 00:00:00+00:00,6429817.808483615
2021-03-06 00:00:00+00:00,5436550.643389011
2021-03-07 00:00:00+00:00,6142605.931093784
2021-03-08 00:00:00+00:00,6255941.602284778
2021-03-09 00:00:00+00:00,6634943.817131268
2021-03-10 00:00:00+00:00,5899158.19008005
2021-03-11 00:00:00+00:00,18739097.99161424
2021-03-12 00:00:00+00:00,15355374.844750976
2021-03-13 00:00:00+00:00,12630287.299541872
2021-03-14 00:00:00+00:00,15620675.709560398
2021-03-15 00:00:00+00:00,10501225.671016984
2021-03-16 00:00:00+00:00,9491375.644940518
2021-03-17 00:00:00+00:00,10874630.902038109
2021-03-18 00:00:00+00:00,10900954.992032908
2021-03-19 00:00:00+00:00,7480942.826154365
2021-03-20 00:00:00+00:00,7948432.359592304
2021-03-21 00:00:00+00:00,8762373.977005204
2021-03-22 00:00:00+00:00,7595995.73136095
2021-03-23 00:00:00+00:00,6572968.348740295
2021-03-24 00:00:00+00:00,7298950.414450734
2021-03-25 00:00:00+00:00,5054469.966060059
2021-03-26 00:00:00+00:00,4904212.9840354705
2021-03-27 00:00:00+00:00,10171244.26259138
2021-03-28 00:00:00+00:00,7182963.623147571
2021-03-29 00:00:00+00:00,5588748.918408275
2021-03-30 00:00:00+00:00,6787540.256395267
2021-03-31 00:00:00+00:00,10544851.393971551
2021-04-01 00:00:00+00:00,6936797.643877633
2021-04-02 00:00:00+00:00,7001155.583431411
2021-04-03 00:00:00+00:00,7630641.061541225
2021-04-04 00:00:00+00:00,6180599.448213646
2021-04-05 00:00:00+00:00,5551186.14300161
2021-04-06 00:00:00+00:00,5413888.101218019
2021-04-07 00:00:00+00:00,4141149.13571642
2021-04-08 00:00:00+00:00,15827982.303164268
2021-04-09 00:00:00+00:00,10937786.02843877
2021-04-10 00:00:00+00:00,7364630.81503401
2021-04-11 00:00:00+00:00,17309914.59737087
2021-04-12 00:00:00+00:00,6503361.95793519
2021-04-13 00:00:00+00:00,8177713.393157914
2021-04-14 00:00:00+00:00,6852281.435080165
2021-04-15 00:00:00+00:00,5088203.983409015
2021-04-16 00:00:00+00:00,11579342.596241126
2021-04-17 00:00:00+00:00,6094796.733345474
2021-04-18 00:00:00+00:00,5773858.586128064
2021-04-19 00:00:00+00:00,4970046.641637319
2021-04-20 00:00:00+00:00,4935419.918341054
2021-04-21 00:00:00+00:00,4748993.145672616
2021-04-22 00:00:00+00:00,4927509.38016254
2021-04-23 00:00:00+00:00,5110905.114719488
2021-04-24 00:00:00+00:00,3996172.1763334363
2021-04-25 00:00:00+00:00,3727122.2601928236
2021-04-26 00:00:00+00:00,5377969.877524429
2021-04-27 00:00:00+00:00,5451967.640048392
2021-04-28 00:00:00+00:00,4634048.960906708
2021-04-29 00:00:00+00:00,4042111.6202589683
2021-04-30 00:00:00+00:00,5328958.991938267
2021-05-01 00:00:00+00:00,7427385.30906558
2021-05-02 00:00:00+00:00,10147716.992017224
2021-05-03 00:00:00+00:00,32547289.806913033
2021-05-04 00:00:00+00:00,27337216.84121145
2021-05-05 00:00:00+00:00,11985683.650196346
2021-05-06 00:00:00+00:00,8282711.369532577
2021-05-07 00:00:00+00:00,6679741.8501019925
2021-05-08 00:00:00+00:00,11287006.964120071
2021-05-09 00:00:00+00:00,8895635.009587789
2021-05-10 00:00:00+00:00,5370429.055145952
2021-05-11 00:00:00+00:00,4132921.555115433
2021-05-12 00:00:00+00:00,3976452.5547145833
2021-05-13 00:00:00+00:00,11601031.393516544
2021-05-14 00:00:00+00:00,34117605.044734254
2021-05-15 00:00:00+00:00,9678087.358744992
2021-05-16 00:00:00+00:00,8145568.349347171
2021-05-17 00:00:00+00:00,7062796.767346175
2021-05-18 00:00:00+00:00,8511883.168936327
2021-05-19 00:00:00+00:00,7859972.53881383
2021-05-20 00:00:00+00:00,6472521.089736775
2021-05-21 00:00:00+00:00,7339479.088937134
2021-05-22 00:00:00+00:00,6683446.869693143
2021-05-23 00:00:00+00:00,3390434.1619121004
2021-05-24 00:00:00+00:00,4873510.058016754
2021-05-25 00:00:00+00:00,3865062.8124374473
2021-05-26 00:00:00+00:00,7474625.260310924
2021-05-27 00:00:00+00:00,4066567.5118124564
2021-05-28 00:00:00+00:00,4114601.276597931
2021-05-29 00:00:00+00:00,3857677.326547389
2021-05-30 00:00:00+00:00,5091269.974484317
2021-05-31 00:00:00+00:00,5409157.269331518
2021-06-01 00:00:00+00:00,8660215.754614234
2021-06-02 00:00:00+00:00,4415031.92331529
2021-06-03 00:00:00+00:00,4886846.669410814
2021-06-04 00:00:00+00:00,6866995.990789198
2021-06-05 00:00:00+00:00,4814847.522793092
2021-06-06 00:00:00+00:00,4672171.719131146
2021-06-07 00:00:00+00:00,11397055.819827616
2021-06-08 00:00:00+00:00,6685110.5225725
2021-06-09 00:00:00+00:00,9457866.372728655
2021-06-10 00:00:00+00:00,16621952.048806958
2021-06-11 00:00:00+00:00,10736873.625253502
2021-06-12 00:00:00+00:00,6265556.893685358
2021-06-13 00:00:00+00:00,4103635.558931631
2021-06-14 00:00:00+00:00,9270352.473984726
2021-06-15 00:00:00+00:00,5820079.801346871
2021-06-16 00:00:00+00:00,10552408.061931457
2021-06-17 00:00:00+00:00,9183256.367523255
2021-06-18 00:00:00+00:00,7788453.97103684
2021-06-19 00:00:00+00:00,13094003.1396519
2021-06-20 00:00:00+00:00,14774825.850921875
2021-06-21 00:00:00+00:00,17999205.54951552
2021-06-22 00:00:00+00:00,13307028.166496698
2021-06-23 00:00:00+00:00,13530410.978821816
2021-06-24 00:00:00+00:00,13027092.13227594
2021-06-25 00:00:00+00:00,20735006.338335328
2021-06-26 00:00:00+00:00,11856489.064607939
2021-06-27 00:00:00+00:00,9076674.943802498
2021-06-28 00:00:00+00:00,17139249.324373476
2021-06-29 00:00:00+00:00,25925215.198724736
2021-06-30 00:00:00+00:00,7564039.7336550625
2021-07-01 00:00:00+00:00,16462846.370252876
2021-07-02 00:00:00+00:00,15734792.768385243
2021-07-03 00:00:00+00:00,13149004.90193439
2021-07-04 00:00:00+00:00,18586950.30339013
2021-07-05 00:00:00+00:00,16752139.550287854
2021-07-06 00:00:00+00:00,18791228.985854734
2021-07-07 00:00:00+00:00,20251381.889173884
2021-07-08 00:00:00+00:00,20476255.834552675
2021-07-09 00:00:00+00:00,21271053.36844639
2021-07-10 00:00:00+00:00,10445109.706658984
2021-07-11 00:00:00+00:00,18641652.85121085
2021-07-12 00:00:00+00:00,21187247.007742718
2021-07-13 00:00:00+00:00,12910759.929680936
2021-07-14 00:00:00+00:00,14333796.72460494
2021-07-15 00:00:00+00:00,20826682.50517844
2021-07-16 00:00:00+00:00,25347192.696682815
2021-07-17 00:00:00+00:00,29705004.54844511
2021-07-18 00:00:00+00:00,29721928.11148221
2021-07-19 00:00:00+00:00,13121035.045035474
2021-07-20 00:00:00+00:00,11068716.84944829
2021-07-21 00:00:00+00:00,18689990.516418498
2021-07-22 00:00:00+00:00,16214967.196852224
2021-07-23 00:00:00+00:00,11323081.281619808
2021-07-24 00:00:00+00:00,11227012.411728345
2021-07-25 00:00:00+00:00,11990402.126401301
2021-07-26 00:00:00+00:00,22938706.63614225
2021-07-27 00:00:00+00:00,24600644.956956234
2021-07-28 00:00:00+00:00,27221257.221404597
2021-07-29 00:00:00+00:00,21698539.097882606
2021-07-30 00:00:00+00:00,54808102.09091694
2021-07-31 00:00:00+00:00,86390960.79326488
2021-08-01 00:00:00+00:00,101890098.80611053
2021-08-02 00:00:00+00:00,53161325.06281218
2021-08-03 00:00:00+00:00,52455244.18903668
2021-08-04 00:00:00+00:00,94249471.00590958
2021-08-05 00:00:00+00:00,98882052.33182523
2021-08-06 00:00:00+00:00,116732994.91991039
2021-08-07 00:00:00+00:00,77933806.35756458
2021-08-08 00:00:00+00:00,91308663.27956861
2021-08-09 00:00:00+00:00,78654465.54389198
2021-08-10 00:00:00+00:00,84473190.75050172
2021-08-11 00:00:00+00:00,76670271.57371932
2021-08-12 00:00:00+00:00,71346809.6443298
2021-08-13 00:00:00+00:00,76985498.63630617
2021-08-14 00:00:00+00:00,94219827.96890509
2021-08-15 00:00:00+00:00,74813726.36157434
2021-08-16 00:00:00+00:00,64207860.266639166
2021-08-17 00:00:00+00:00,59973479.62367952
2021-08-18 00:00:00+00:00,67471867.41773754
2021-08-19 00:00:00+00:00,59556124.72876478
2021-08-20 00:00:00+00:00,110364995.34681924
2021-08-21 00:00:00+00:00,121306890.99134082
2021-08-22 00:00:00+00:00,138528107.1999197
2021-08-23 00:00:00+00:00,284497183.31398046
2021-08-24 00:00:00+00:00,246037992.24569666
2021-08-25 00:00:00+00:00,175881799.45737693
2021-08-26 00:00:00+00:00,191630180.7236462
2021-08-27 00:00:00+00:00,220919755.27360433
2021-08-28 00:00:00+00:00,350677631.0067986
2021-08-29 00:00:00+00:00,186879362.50747272
2021-08-30 00:00:00+00:00,181699870.54873553
2021-08-31 00:00:00+00:00,136272280.15779167
2021-09-01 00:00:00+00:00,122886364.81354718
2021-09-02 00:00:00+00:00,107524056.7768975
2021-09-03 00:00:00+00:00,92026607.96184765
2021-09-04 00:00:00+00:00,60011425.16678109
2021-09-05 00:00:00+00:00,60693769.875973366
2021-09-06 00:00:00+00:00,66699601.22020763
2021-09-07 00:00:00+00:00,63324518.88773066
2021-09-08 00:00:00+00:00,42438331.92070717
2021-09-09 00:00:00+00:00,33718319.78738309
2021-09-10 00:00:00+00:00,38522896.89908939
2021-09-11 00:00:00+00:00,29642162.89765331
2021-09-12 00:00:00+00:00,24682758.46761958
2021-09-13 00:00:00+00:00,69634451.73406687
2021-09-14 00:00:00+00:00,47077048.50892884
2021-09-15 00:00:00+00:00,62822069.59495067
2021-09-16 00:00:00+00:00,103105883.69421323
2021-09-17 00:00:00+00:00,45805845.25802821
2021-09-18 00:00:00+00:00,44136946.58990358
2021-09-19 00:00:00+00:00,40312059.90154612
2021-09-20 00:00:00+00:00,39466846.4496144
2021-09-21 00:00:00+00:00,37543045.432726435
2021-09-22 00:00:00+00:00,31728607.031439494
2021-09-23 00:00:00+00:00,46139357.512733944
2021-09-24 00:00:00+00:00,44236821.736487426
2021-09-25 00:00:00+00:00,47056898.241973184
2021-09-26 00:00:00+00:00,50699780.15342462
2021-09-27 00:00:00+00:00,55635939.90587977
2021-09-28 00:00:00+00:00,72764959.14123873
2021-09-29 00:00:00+00:00,57358176.27820819
2021-09-30 00:00:00+00:00,65566789.11641089
2021-10-01 00:00:00+00:00,69456671.86539418
2021-10-02 00:00:00+00:00,56832586.534049794
2021-10-03 00:00:00+00:00,67341181.79188181
2021-10-04 00:00:00+00:00,66503863.974807784
2021-10-05 00:00:00+00:00,70296640.94127345
2021-10-06 00:00:00+00:00,56315960.92549082
2021-10-07 00:00:00+00:00,49506209.841767736
2021-10-08 00:00:00+00:00,45411341.06682987
2021-10-09 00:00:00+00:00,42681791.48928197
2021-10-10 00:00:00+00:00,37810780.33242351
2021-10-11 00:00:00+00:00,31260306.064743493
2021-10-12 00:00:00+00:00,36312630.24325169
2021-10-13 00:00:00+00:00,36212884.819963604
2021-10-14 00:00:00+00:00,43983024.57568902
2021-10-15 00:00:00+00:00,30688495.596257344
2021-10-16 00:00:00+00:00,42405527.70730708
2021-10-17 00:00:00+00:00,25741898.40061315
2021-10-18 00:00:00+00:00,25402361.788124137
2021-10-19 00:00:00+00:00,34434010.61659934
2021-10-20 00:00:00+00:00,37403169.22319323
2021-10-21 00:00:00+00:00,35853155.44931068
2021-10-22 00:00:00+00:00,27542419.7557687
2021-10-23 00:00:00+00:00,53777933.27933515
2021-10-24 00:00:00+00:00,33645238.25075011
2021-10-25 00:00:00+00:00,29932781.952451773
2021-10-26 00:00:00+00:00,25172104.676142305
2021-10-27 00:00:00+00:00,24849246.877975326
2021-10-28 00:00:00+00:00,103131752.10140285
2021-10-29 00:00:00+00:00,31245793.872608688
2021-10-30 00:00:00+00:00,19896506.629712038
2021-10-31 00:00:00+00:00,25881327.225164086
2021-11-01 00:00:00+00:00,25539098.302705217
2021-11-02 00:00:00+00:00,30068907.4272294
2021-11-03 00:00:00+00:00,24349002.28920945
2021-11-04 00:00:00+00:00,28252581.00123994
2021-11-05 00:00:00+00:00,24891071.84778667
2021-11-06 00:00:00+00:00,24882247.66460188
2021-11-07 00:00:00+00:00,24767424.42514804
2021-11-08 00:00:00+00:00,44406962.73472578
2021-11-09 00:00:00+00:00,26607761.95564136
2021-11-10 00:00:00+00:00,37833101.17966144
2021-11-11 00:00:00+00:00,35320760.31629935
2021-11-12 00:00:00+00:00,34044697.190738246
2021-11-13 00:00:00+00:00,50844636.18972085
2021-11-14 00:00:00+00:00,60748976.47243458
2021-11-15 00:00:00+00:00,59442629.804694735
2021-11-16 00:00:00+00:00,66823221.703786284
2021-11-17 00:00:00+00:00,63477526.972279415
2021-11-18 00:00:00+00:00,53646609.40336883
2021-11-19 00:00:00+00:00,37355845.17709212
2021-11-20 00:00:00+00:00,31592411.838364236
2021-11-21 00:00:00+00:00,32043816.468166057
2021-11-22 00:00:00+00:00,37005623.40719864
2021-11-23 00:00:00+00:00,30687408.334548455
2021-11-24 00:00:00+00:00,37219712.003359355
2021-11-25 00:00:00+00:00,33424378.72373588
2021-11-26 00:00:00+00:00,30100520.100563433
2021-11-27 00:00:00+00:00,24737205.872634143
2021-11-28 00:00:00+00:00,28559455.03728374
2021-11-29 00:00:00+00:00,49472496.06525411
2021-11-30 00:00:00+00:00,31912589.97586045
2021-12-01 00:00:00+00:00,31823032.5174955
2021-12-02 00:00:00+00:00,30286250.51175304
2021-12-03 00:00:00+00:00,48609792.171566516
2021-12-04 00:00:00+00:00,32011721.584983975
2021-12-05 00:00:00+00:00,25921665.5540432
2021-12-06 00:00:00+00:00,31329226.481182534
2021-12-07 00:00:00+00:00,36989111.991154835
2021-12-08 00:00:00+00:00,30382569.440249674
2021-12-09 00:00:00+00:00,58515691.5392908
2021-12-10 00:00:00+00:00,33664776.26544256
2021-12-11 00:00:00+00:00,33027533.43382023
2021-12-12 00:00:00+00:00,21429175.13754576
2021-12-13 00:00:00+00:00,34292156.68710876
2021-12-14 00:00:00+00:00,31995557.893152718
2021-12-15 00:00:00+00:00,55726188.26599211
2021-12-16 00:00:00+00:00,29444277.15017659
2021-12-17 00:00:00+00:00,27783742.742272325
2021-12-18 00:00:00+00:00,28097412.033337433
2021-12-19 00:00:00+00:00,27336821.26684311
2021-12-20 00:00:00+00:00,24283437.54076307
2021-12-21 00:00:00+00:00,27142515.047050305
2021-12-22 00:00:00+00:00,25926391.132370174
2021-12-23 00:00:00+00:00,26568119.12122793
2021-12-24 00:00:00+00:00,45870966.934457384
2021-12-25 00:00:00+00:00,27204589.885267906
2021-12-26 00:00:00+00:00,33334010.792516623
2021-12-27 00:00:00+00:00,52821024.321855456
2021-12-28 00:00:00+00:00,37742635.48743844
2021-12-29 00:00:00+00:00,39077442.652374566
2021-12-30 00:00:00+00:00,37733630.897350475
2021-12-31 00:00:00+00:00,49359562.80682792
2022-01-01 00:00:00+00:00,61588083.957592756
2022-01-02 00:00:00+00:00,90870622.85206053
2022-01-03 00:00:00+00:00,60262296.88204548
2022-01-04 00:00:00+00:00,41672182.90468527
2022-01-05 00:00:00+00:00,43092544.154007666
2022-01-06 00:00:00+00:00,45127953.661711134
2022-01-07 00:00:00+00:00,39368963.59457659
2022-01-08 00:00:00+00:00,34631394.65410837
2022-01-09 00:00:00+00:00,44032709.05421477
2022-01-10 00:00:00+00:00,42273842.366138026
2022-01-11 00:00:00+00:00,151370699.36836082
2022-01-12 00:00:00+00:00,219512279.6718073
2022-01-13 00:00:00+00:00,230371926.61159438
2022-01-14 00:00:00+00:00,229232148.5684623
2022-01-15 00:00:00+00:00,250944382.0387236
2022-01-16 00:00:00+00:00,216087805.13761958
2022-01-17 00:00:00+00:00,216273607.5290634
2022-01-18 00:00:00+00:00,265919506.92810887
2022-01-19 00:00:00+00:00,294900442.18045694
2022-01-20 00:00:00+00:00,231545662.58460546
2022-01-21 00:00:00+00:00,217159819.66517898
2022-01-22 00:00:00+00:00,196926270.24722734
2022-01-23 00:00:00+00:00,206194485.62658322
2022-01-24 00:00:00+00:00,194028488.21035722
2022-01-25 00:00:00+00:00,233722814.2310208
2022-01-26 00:00:00+00:00,249620198.8121059
2022-01-27 00:00:00+00:00,242052286.2594255
2022-01-28 00:00:00+00:00,149158384.19713724
2022-01-29 00:00:00+00:00,238480780.30276757
2022-01-30 00:00:00+00:00,267903728.70867938
2022-01-31 00:00:00+00:00,306852820.96295327
