__timestamp,Unique Wallet
2017-02-17 00:00:00+00:00,3.0
2017-06-23 00:00:00+00:00,10.0
2017-06-24 00:00:00+00:00,20.0
2017-06-25 00:00:00+00:00,12.0
2017-06-26 00:00:00+00:00,24.0
2017-06-27 00:00:00+00:00,23.0
2017-06-28 00:00:00+00:00,17.0
2017-06-29 00:00:00+00:00,23.0
2017-06-30 00:00:00+00:00,15.0
2017-07-01 00:00:00+00:00,18.0
2017-07-02 00:00:00+00:00,22.0
2017-07-03 00:00:00+00:00,25.0
2017-07-04 00:00:00+00:00,32.0
2017-07-05 00:00:00+00:00,14.0
2017-07-06 00:00:00+00:00,15.0
2017-07-07 00:00:00+00:00,23.0
2017-07-08 00:00:00+00:00,18.0
2017-07-09 00:00:00+00:00,18.0
2017-07-10 00:00:00+00:00,29.0
2017-07-11 00:00:00+00:00,24.0
2017-07-12 00:00:00+00:00,21.0
2017-07-13 00:00:00+00:00,25.0
2017-07-14 00:00:00+00:00,8.0
2017-07-15 00:00:00+00:00,9.0
2017-07-16 00:00:00+00:00,7.0
2017-07-17 00:00:00+00:00,8.0
2017-07-18 00:00:00+00:00,23.0
2017-07-19 00:00:00+00:00,14.0
2017-07-20 00:00:00+00:00,10.0
2017-07-21 00:00:00+00:00,12.0
2017-07-22 00:00:00+00:00,15.0
2017-07-23 00:00:00+00:00,9.0
2017-07-24 00:00:00+00:00,21.0
2017-07-25 00:00:00+00:00,12.0
2017-07-26 00:00:00+00:00,9.0
2017-07-27 00:00:00+00:00,4.0
2017-07-28 00:00:00+00:00,9.0
2017-07-29 00:00:00+00:00,7.0
2017-07-30 00:00:00+00:00,10.0
2017-07-31 00:00:00+00:00,4.0
2017-08-01 00:00:00+00:00,4.0
2017-08-02 00:00:00+00:00,2.0
2017-08-03 00:00:00+00:00,16.0
2017-08-04 00:00:00+00:00,5.0
2017-08-05 00:00:00+00:00,4.0
2017-08-07 00:00:00+00:00,2.0
2017-08-08 00:00:00+00:00,9.0
2017-08-09 00:00:00+00:00,6.0
2017-08-10 00:00:00+00:00,4.0
2017-08-11 00:00:00+00:00,12.0
2017-08-12 00:00:00+00:00,9.0
2017-08-13 00:00:00+00:00,8.0
2017-08-14 00:00:00+00:00,6.0
2017-08-15 00:00:00+00:00,5.0
2017-08-16 00:00:00+00:00,3.0
2017-08-17 00:00:00+00:00,2.0
2017-08-18 00:00:00+00:00,4.0
2017-08-19 00:00:00+00:00,2.0
2017-08-20 00:00:00+00:00,4.0
2017-08-21 00:00:00+00:00,9.0
2017-08-22 00:00:00+00:00,4.0
2017-08-23 00:00:00+00:00,5.0
2017-08-24 00:00:00+00:00,2.0
2017-08-25 00:00:00+00:00,6.0
2017-08-26 00:00:00+00:00,2.0
2017-08-28 00:00:00+00:00,10.0
2017-08-29 00:00:00+00:00,2.0
2017-08-30 00:00:00+00:00,4.0
2017-08-31 00:00:00+00:00,10.0
2017-09-01 00:00:00+00:00,5.0
2017-09-02 00:00:00+00:00,6.0
2017-09-03 00:00:00+00:00,2.0
2017-09-04 00:00:00+00:00,4.0
2017-09-06 00:00:00+00:00,7.0
2017-09-08 00:00:00+00:00,4.0
2017-09-10 00:00:00+00:00,3.0
2017-09-11 00:00:00+00:00,4.0
2017-09-12 00:00:00+00:00,2.0
2017-09-15 00:00:00+00:00,3733.0
2017-09-16 00:00:00+00:00,3119.0
2017-09-17 00:00:00+00:00,1427.0
2017-09-18 00:00:00+00:00,766.0
2017-09-19 00:00:00+00:00,427.0
2017-09-20 00:00:00+00:00,330.0
2017-09-21 00:00:00+00:00,517.0
2017-09-22 00:00:00+00:00,282.0
2017-09-23 00:00:00+00:00,182.0
2017-09-24 00:00:00+00:00,283.0
2017-09-25 00:00:00+00:00,296.0
2017-09-26 00:00:00+00:00,234.0
2017-09-27 00:00:00+00:00,245.0
2017-09-28 00:00:00+00:00,191.0
2017-09-29 00:00:00+00:00,443.0
2017-09-30 00:00:00+00:00,489.0
2017-10-01 00:00:00+00:00,334.0
2017-10-02 00:00:00+00:00,3425.0
2017-10-03 00:00:00+00:00,3158.0
2017-10-04 00:00:00+00:00,1290.0
2017-10-05 00:00:00+00:00,1006.0
2017-10-06 00:00:00+00:00,878.0
2017-10-07 00:00:00+00:00,690.0
2017-10-08 00:00:00+00:00,717.0
2017-10-09 00:00:00+00:00,890.0
2017-10-10 00:00:00+00:00,932.0
2017-10-11 00:00:00+00:00,388.0
2017-10-12 00:00:00+00:00,378.0
2017-10-13 00:00:00+00:00,434.0
2017-10-14 00:00:00+00:00,2333.0
2017-10-15 00:00:00+00:00,443.0
2017-10-16 00:00:00+00:00,480.0
2017-10-17 00:00:00+00:00,582.0
2017-10-18 00:00:00+00:00,378.0
2017-10-19 00:00:00+00:00,346.0
2017-10-20 00:00:00+00:00,309.0
2017-10-21 00:00:00+00:00,259.0
2017-10-22 00:00:00+00:00,261.0
2017-10-23 00:00:00+00:00,353.0
2017-10-24 00:00:00+00:00,635.0
2017-10-25 00:00:00+00:00,316.0
2017-10-26 00:00:00+00:00,258.0
2017-10-27 00:00:00+00:00,233.0
2017-10-28 00:00:00+00:00,231.0
2017-10-29 00:00:00+00:00,258.0
2017-10-30 00:00:00+00:00,357.0
2017-10-31 00:00:00+00:00,556.0
2017-11-01 00:00:00+00:00,2445.0
2017-11-02 00:00:00+00:00,1052.0
2017-11-03 00:00:00+00:00,1573.0
2017-11-04 00:00:00+00:00,797.0
2017-11-05 00:00:00+00:00,617.0
2017-11-06 00:00:00+00:00,592.0
2017-11-07 00:00:00+00:00,476.0
2017-11-08 00:00:00+00:00,712.0
2017-11-09 00:00:00+00:00,834.0
2017-11-10 00:00:00+00:00,821.0
2017-11-11 00:00:00+00:00,552.0
2017-11-12 00:00:00+00:00,513.0
2017-11-13 00:00:00+00:00,599.0
2017-11-14 00:00:00+00:00,852.0
2017-11-15 00:00:00+00:00,613.0
2017-11-16 00:00:00+00:00,423.0
2017-11-17 00:00:00+00:00,317.0
2017-11-18 00:00:00+00:00,389.0
2017-11-19 00:00:00+00:00,441.0
2017-11-20 00:00:00+00:00,505.0
2017-11-21 00:00:00+00:00,404.0
2017-11-22 00:00:00+00:00,446.0
2017-11-23 00:00:00+00:00,646.0
2017-11-24 00:00:00+00:00,1827.0
2017-11-25 00:00:00+00:00,819.0
2017-11-26 00:00:00+00:00,614.0
2017-11-27 00:00:00+00:00,811.0
2017-11-28 00:00:00+00:00,1176.0
2017-11-29 00:00:00+00:00,1290.0
2017-11-30 00:00:00+00:00,1372.0
2017-12-01 00:00:00+00:00,1648.0
2017-12-02 00:00:00+00:00,2105.0
2017-12-03 00:00:00+00:00,5021.0
2017-12-04 00:00:00+00:00,7871.0
2017-12-05 00:00:00+00:00,11089.0
2017-12-06 00:00:00+00:00,10997.0
2017-12-07 00:00:00+00:00,13526.0
2017-12-08 00:00:00+00:00,15824.0
2017-12-09 00:00:00+00:00,17324.0
2017-12-10 00:00:00+00:00,17025.0
2017-12-11 00:00:00+00:00,15916.0
2017-12-12 00:00:00+00:00,14917.0
2017-12-13 00:00:00+00:00,13661.0
2017-12-14 00:00:00+00:00,12693.0
2017-12-15 00:00:00+00:00,10211.0
2017-12-16 00:00:00+00:00,9226.0
2017-12-17 00:00:00+00:00,8828.0
2017-12-18 00:00:00+00:00,8041.0
2017-12-19 00:00:00+00:00,7107.0
2017-12-20 00:00:00+00:00,6150.0
2017-12-21 00:00:00+00:00,6800.0
2017-12-22 00:00:00+00:00,6315.0
2017-12-23 00:00:00+00:00,6444.0
2017-12-24 00:00:00+00:00,4784.0
2017-12-25 00:00:00+00:00,4284.0
2017-12-26 00:00:00+00:00,4031.0
2017-12-27 00:00:00+00:00,4283.0
2017-12-28 00:00:00+00:00,4182.0
2017-12-29 00:00:00+00:00,4121.0
2017-12-30 00:00:00+00:00,3958.0
2017-12-31 00:00:00+00:00,3428.0
2018-01-01 00:00:00+00:00,3273.0
2018-01-02 00:00:00+00:00,4120.0
2018-01-03 00:00:00+00:00,3747.0
2018-01-04 00:00:00+00:00,2947.0
2018-01-05 00:00:00+00:00,5283.0
2018-01-06 00:00:00+00:00,3868.0
2018-01-07 00:00:00+00:00,4119.0
2018-01-08 00:00:00+00:00,3691.0
2018-01-09 00:00:00+00:00,3061.0
2018-01-10 00:00:00+00:00,2353.0
2018-01-11 00:00:00+00:00,2694.0
2018-01-12 00:00:00+00:00,3532.0
2018-01-13 00:00:00+00:00,2954.0
2018-01-14 00:00:00+00:00,2540.0
2018-01-15 00:00:00+00:00,2166.0
2018-01-16 00:00:00+00:00,2460.0
2018-01-17 00:00:00+00:00,2485.0
2018-01-18 00:00:00+00:00,2771.0
2018-01-19 00:00:00+00:00,2843.0
2018-01-20 00:00:00+00:00,2391.0
2018-01-21 00:00:00+00:00,2415.0
2018-01-22 00:00:00+00:00,2326.0
2018-01-23 00:00:00+00:00,2198.0
2018-01-24 00:00:00+00:00,2109.0
2018-01-25 00:00:00+00:00,2144.0
2018-01-26 00:00:00+00:00,2366.0
2018-01-27 00:00:00+00:00,2287.0
2018-01-28 00:00:00+00:00,2244.0
2018-01-29 00:00:00+00:00,2053.0
2018-01-30 00:00:00+00:00,2006.0
2018-01-31 00:00:00+00:00,1880.0
2018-02-01 00:00:00+00:00,1787.0
2018-02-02 00:00:00+00:00,1871.0
2018-02-03 00:00:00+00:00,1608.0
2018-02-04 00:00:00+00:00,1506.0
2018-02-05 00:00:00+00:00,1707.0
2018-02-06 00:00:00+00:00,1987.0
2018-02-07 00:00:00+00:00,2061.0
2018-02-08 00:00:00+00:00,2073.0
2018-02-09 00:00:00+00:00,1683.0
2018-02-10 00:00:00+00:00,1833.0
2018-02-11 00:00:00+00:00,1793.0
2018-02-12 00:00:00+00:00,1621.0
2018-02-13 00:00:00+00:00,1567.0
2018-02-14 00:00:00+00:00,2011.0
2018-02-15 00:00:00+00:00,2287.0
2018-02-16 00:00:00+00:00,2073.0
2018-02-17 00:00:00+00:00,2045.0
2018-02-18 00:00:00+00:00,1918.0
2018-02-19 00:00:00+00:00,2049.0
2018-02-20 00:00:00+00:00,2116.0
2018-02-21 00:00:00+00:00,2659.0
2018-02-22 00:00:00+00:00,1832.0
2018-02-23 00:00:00+00:00,1766.0
2018-02-24 00:00:00+00:00,1814.0
2018-02-25 00:00:00+00:00,1652.0
2018-02-26 00:00:00+00:00,1892.0
2018-02-27 00:00:00+00:00,2011.0
2018-02-28 00:00:00+00:00,1821.0
2018-03-01 00:00:00+00:00,1904.0
2018-03-02 00:00:00+00:00,1886.0
2018-03-03 00:00:00+00:00,1852.0
2018-03-04 00:00:00+00:00,2195.0
2018-03-05 00:00:00+00:00,2199.0
2018-03-06 00:00:00+00:00,2040.0
2018-03-07 00:00:00+00:00,2189.0
2018-03-08 00:00:00+00:00,2175.0
2018-03-09 00:00:00+00:00,1935.0
2018-03-10 00:00:00+00:00,1639.0
2018-03-11 00:00:00+00:00,1618.0
2018-03-12 00:00:00+00:00,1840.0
2018-03-13 00:00:00+00:00,1819.0
2018-03-14 00:00:00+00:00,5562.0
2018-03-15 00:00:00+00:00,3115.0
2018-03-16 00:00:00+00:00,1721.0
2018-03-17 00:00:00+00:00,1523.0
2018-03-18 00:00:00+00:00,3004.0
2018-03-19 00:00:00+00:00,4509.0
2018-03-20 00:00:00+00:00,2011.0
2018-03-21 00:00:00+00:00,2101.0
2018-03-22 00:00:00+00:00,1924.0
2018-03-23 00:00:00+00:00,1952.0
2018-03-24 00:00:00+00:00,1757.0
2018-03-25 00:00:00+00:00,1789.0
2018-03-26 00:00:00+00:00,2102.0
2018-03-27 00:00:00+00:00,1947.0
2018-03-28 00:00:00+00:00,1773.0
2018-03-29 00:00:00+00:00,1782.0
2018-03-30 00:00:00+00:00,2018.0
2018-03-31 00:00:00+00:00,2012.0
2018-04-01 00:00:00+00:00,1658.0
2018-04-02 00:00:00+00:00,1694.0
2018-04-03 00:00:00+00:00,1865.0
2018-04-04 00:00:00+00:00,1725.0
2018-04-05 00:00:00+00:00,1768.0
2018-04-06 00:00:00+00:00,1878.0
2018-04-07 00:00:00+00:00,1608.0
2018-04-08 00:00:00+00:00,1728.0
2018-04-09 00:00:00+00:00,1869.0
2018-04-10 00:00:00+00:00,1791.0
2018-04-11 00:00:00+00:00,1857.0
2018-04-12 00:00:00+00:00,2070.0
2018-04-13 00:00:00+00:00,2155.0
2018-04-14 00:00:00+00:00,1883.0
2018-04-15 00:00:00+00:00,1798.0
2018-04-16 00:00:00+00:00,1917.0
2018-04-17 00:00:00+00:00,2109.0
2018-04-18 00:00:00+00:00,2175.0
2018-04-19 00:00:00+00:00,2623.0
2018-04-20 00:00:00+00:00,2115.0
2018-04-21 00:00:00+00:00,2029.0
2018-04-22 00:00:00+00:00,2419.0
2018-04-23 00:00:00+00:00,2502.0
2018-04-24 00:00:00+00:00,2973.0
2018-04-25 00:00:00+00:00,2098.0
2018-04-26 00:00:00+00:00,2157.0
2018-04-27 00:00:00+00:00,2837.0
2018-04-28 00:00:00+00:00,2248.0
2018-04-29 00:00:00+00:00,2292.0
2018-04-30 00:00:00+00:00,2705.0
2018-05-01 00:00:00+00:00,3017.0
2018-05-02 00:00:00+00:00,2739.0
2018-05-03 00:00:00+00:00,3683.0
2018-05-04 00:00:00+00:00,2368.0
2018-05-05 00:00:00+00:00,2439.0
2018-05-06 00:00:00+00:00,2359.0
2018-05-07 00:00:00+00:00,2675.0
2018-05-08 00:00:00+00:00,3723.0
2018-05-09 00:00:00+00:00,4965.0
2018-05-10 00:00:00+00:00,3461.0
2018-05-11 00:00:00+00:00,2398.0
2018-05-12 00:00:00+00:00,2177.0
2018-05-13 00:00:00+00:00,2102.0
2018-05-14 00:00:00+00:00,2060.0
2018-05-15 00:00:00+00:00,1964.0
2018-05-16 00:00:00+00:00,1907.0
2018-05-17 00:00:00+00:00,1656.0
2018-05-18 00:00:00+00:00,1544.0
2018-05-19 00:00:00+00:00,2730.0
2018-05-20 00:00:00+00:00,1884.0
2018-05-21 00:00:00+00:00,3076.0
2018-05-22 00:00:00+00:00,3764.0
2018-05-23 00:00:00+00:00,4221.0
2018-05-24 00:00:00+00:00,4929.0
2018-05-25 00:00:00+00:00,5229.0
2018-05-26 00:00:00+00:00,4121.0
2018-05-27 00:00:00+00:00,3521.0
2018-05-28 00:00:00+00:00,3786.0
2018-05-29 00:00:00+00:00,4912.0
2018-05-30 00:00:00+00:00,4967.0
2018-05-31 00:00:00+00:00,12383.0
2018-06-01 00:00:00+00:00,4578.0
2018-06-02 00:00:00+00:00,3456.0
2018-06-03 00:00:00+00:00,3867.0
2018-06-04 00:00:00+00:00,3829.0
2018-06-05 00:00:00+00:00,3116.0
2018-06-06 00:00:00+00:00,3412.0
2018-06-07 00:00:00+00:00,3426.0
2018-06-08 00:00:00+00:00,3424.0
2018-06-09 00:00:00+00:00,2996.0
2018-06-10 00:00:00+00:00,2870.0
2018-06-11 00:00:00+00:00,2915.0
2018-06-12 00:00:00+00:00,3290.0
2018-06-13 00:00:00+00:00,3170.0
2018-06-14 00:00:00+00:00,2403.0
2018-06-15 00:00:00+00:00,2302.0
2018-06-16 00:00:00+00:00,1902.0
2018-06-17 00:00:00+00:00,1982.0
2018-06-18 00:00:00+00:00,2175.0
2018-06-19 00:00:00+00:00,2257.0
2018-06-20 00:00:00+00:00,2288.0
2018-06-21 00:00:00+00:00,2171.0
2018-06-22 00:00:00+00:00,2505.0
2018-06-23 00:00:00+00:00,1923.0
2018-06-24 00:00:00+00:00,2118.0
2018-06-25 00:00:00+00:00,2002.0
2018-06-26 00:00:00+00:00,2036.0
2018-06-27 00:00:00+00:00,2119.0
2018-06-28 00:00:00+00:00,2070.0
2018-06-29 00:00:00+00:00,2019.0
2018-06-30 00:00:00+00:00,1346.0
2018-07-01 00:00:00+00:00,1016.0
2018-07-02 00:00:00+00:00,949.0
2018-07-03 00:00:00+00:00,1196.0
2018-07-04 00:00:00+00:00,2894.0
2018-07-05 00:00:00+00:00,1561.0
2018-07-06 00:00:00+00:00,1047.0
2018-07-07 00:00:00+00:00,1010.0
2018-07-08 00:00:00+00:00,1378.0
2018-07-09 00:00:00+00:00,2499.0
2018-07-10 00:00:00+00:00,2482.0
2018-07-11 00:00:00+00:00,1613.0
2018-07-12 00:00:00+00:00,1343.0
2018-07-13 00:00:00+00:00,2009.0
2018-07-14 00:00:00+00:00,927.0
2018-07-15 00:00:00+00:00,1295.0
2018-07-16 00:00:00+00:00,1750.0
2018-07-17 00:00:00+00:00,2226.0
2018-07-18 00:00:00+00:00,2603.0
2018-07-19 00:00:00+00:00,2085.0
2018-07-20 00:00:00+00:00,2043.0
2018-07-21 00:00:00+00:00,1644.0
2018-07-22 00:00:00+00:00,1727.0
2018-07-23 00:00:00+00:00,1859.0
2018-07-24 00:00:00+00:00,2563.0
2018-07-25 00:00:00+00:00,2173.0
2018-07-26 00:00:00+00:00,2068.0
2018-07-27 00:00:00+00:00,1937.0
2018-07-28 00:00:00+00:00,2335.0
2018-07-29 00:00:00+00:00,2991.0
2018-07-30 00:00:00+00:00,1805.0
2018-07-31 00:00:00+00:00,1890.0
2018-08-01 00:00:00+00:00,1798.0
2018-08-02 00:00:00+00:00,1992.0
2018-08-03 00:00:00+00:00,2007.0
2018-08-04 00:00:00+00:00,1908.0
2018-08-05 00:00:00+00:00,1765.0
2018-08-06 00:00:00+00:00,1871.0
2018-08-07 00:00:00+00:00,1905.0
2018-08-08 00:00:00+00:00,1284.0
2018-08-09 00:00:00+00:00,1208.0
2018-08-10 00:00:00+00:00,7869.0
2018-08-11 00:00:00+00:00,1780.0
2018-08-12 00:00:00+00:00,1404.0
2018-08-13 00:00:00+00:00,3746.0
2018-08-14 00:00:00+00:00,2658.0
2018-08-15 00:00:00+00:00,2352.0
2018-08-16 00:00:00+00:00,1995.0
2018-08-17 00:00:00+00:00,1997.0
2018-08-18 00:00:00+00:00,1989.0
2018-08-19 00:00:00+00:00,1580.0
2018-08-20 00:00:00+00:00,1941.0
2018-08-21 00:00:00+00:00,1867.0
2018-08-22 00:00:00+00:00,1956.0
2018-08-23 00:00:00+00:00,1928.0
2018-08-24 00:00:00+00:00,2018.0
2018-08-25 00:00:00+00:00,1823.0
2018-08-26 00:00:00+00:00,1778.0
2018-08-27 00:00:00+00:00,2597.0
2018-08-28 00:00:00+00:00,2482.0
2018-08-29 00:00:00+00:00,2182.0
2018-08-30 00:00:00+00:00,2278.0
2018-08-31 00:00:00+00:00,2231.0
2018-09-01 00:00:00+00:00,2040.0
2018-09-02 00:00:00+00:00,1986.0
2018-09-03 00:00:00+00:00,2180.0
2018-09-04 00:00:00+00:00,2026.0
2018-09-05 00:00:00+00:00,2445.0
2018-09-06 00:00:00+00:00,2765.0
2018-09-07 00:00:00+00:00,2626.0
2018-09-08 00:00:00+00:00,2440.0
2018-09-09 00:00:00+00:00,2396.0
2018-09-10 00:00:00+00:00,2326.0
2018-09-11 00:00:00+00:00,2484.0
2018-09-12 00:00:00+00:00,2593.0
2018-09-13 00:00:00+00:00,2496.0
2018-09-14 00:00:00+00:00,2428.0
2018-09-15 00:00:00+00:00,2158.0
2018-09-16 00:00:00+00:00,2150.0
2018-09-17 00:00:00+00:00,2242.0
2018-09-18 00:00:00+00:00,2296.0
2018-09-19 00:00:00+00:00,33910.0
2018-09-20 00:00:00+00:00,8354.0
2018-09-21 00:00:00+00:00,4160.0
2018-09-22 00:00:00+00:00,2346.0
2018-09-23 00:00:00+00:00,2111.0
2018-09-24 00:00:00+00:00,2147.0
2018-09-25 00:00:00+00:00,2688.0
2018-09-26 00:00:00+00:00,2387.0
2018-09-27 00:00:00+00:00,3182.0
2018-09-28 00:00:00+00:00,4361.0
2018-09-29 00:00:00+00:00,2615.0
2018-09-30 00:00:00+00:00,2675.0
2018-10-01 00:00:00+00:00,2560.0
2018-10-02 00:00:00+00:00,2945.0
2018-10-03 00:00:00+00:00,3415.0
2018-10-04 00:00:00+00:00,3394.0
2018-10-05 00:00:00+00:00,3279.0
2018-10-06 00:00:00+00:00,2302.0
2018-10-07 00:00:00+00:00,2239.0
2018-10-08 00:00:00+00:00,2686.0
2018-10-09 00:00:00+00:00,2737.0
2018-10-10 00:00:00+00:00,2647.0
2018-10-11 00:00:00+00:00,2932.0
2018-10-12 00:00:00+00:00,2974.0
2018-10-13 00:00:00+00:00,2586.0
2018-10-14 00:00:00+00:00,2407.0
2018-10-15 00:00:00+00:00,2759.0
2018-10-16 00:00:00+00:00,2730.0
2018-10-17 00:00:00+00:00,2556.0
2018-10-18 00:00:00+00:00,2039.0
2018-10-19 00:00:00+00:00,2526.0
2018-10-20 00:00:00+00:00,2421.0
2018-10-21 00:00:00+00:00,2009.0
2018-10-22 00:00:00+00:00,2093.0
2018-10-23 00:00:00+00:00,2204.0
2018-10-24 00:00:00+00:00,1957.0
2018-10-25 00:00:00+00:00,2138.0
2018-10-26 00:00:00+00:00,2066.0
2018-10-27 00:00:00+00:00,1924.0
2018-10-28 00:00:00+00:00,1967.0
2018-10-29 00:00:00+00:00,2319.0
2018-10-30 00:00:00+00:00,2233.0
2018-10-31 00:00:00+00:00,2090.0
2018-11-01 00:00:00+00:00,2452.0
2018-11-02 00:00:00+00:00,2321.0
2018-11-03 00:00:00+00:00,2149.0
2018-11-04 00:00:00+00:00,2354.0
2018-11-05 00:00:00+00:00,2455.0
2018-11-06 00:00:00+00:00,2514.0
2018-11-07 00:00:00+00:00,2815.0
2018-11-08 00:00:00+00:00,3101.0
2018-11-09 00:00:00+00:00,2613.0
2018-11-10 00:00:00+00:00,2515.0
2018-11-11 00:00:00+00:00,11191.0
2018-11-12 00:00:00+00:00,3281.0
2018-11-13 00:00:00+00:00,3558.0
2018-11-14 00:00:00+00:00,2962.0
2018-11-15 00:00:00+00:00,2755.0
2018-11-16 00:00:00+00:00,2656.0
2018-11-17 00:00:00+00:00,2415.0
2018-11-18 00:00:00+00:00,2292.0
2018-11-19 00:00:00+00:00,3132.0
2018-11-20 00:00:00+00:00,3188.0
2018-11-21 00:00:00+00:00,2850.0
2018-11-22 00:00:00+00:00,2736.0
2018-11-23 00:00:00+00:00,2632.0
2018-11-24 00:00:00+00:00,2668.0
2018-11-25 00:00:00+00:00,2934.0
2018-11-26 00:00:00+00:00,2894.0
2018-11-27 00:00:00+00:00,2749.0
2018-11-28 00:00:00+00:00,2927.0
2018-11-29 00:00:00+00:00,2925.0
2018-11-30 00:00:00+00:00,3066.0
2018-12-01 00:00:00+00:00,2923.0
2018-12-02 00:00:00+00:00,2846.0
2018-12-03 00:00:00+00:00,3027.0
2018-12-04 00:00:00+00:00,2805.0
2018-12-05 00:00:00+00:00,3136.0
2018-12-06 00:00:00+00:00,3558.0
2018-12-07 00:00:00+00:00,3694.0
2018-12-08 00:00:00+00:00,2806.0
2018-12-09 00:00:00+00:00,2728.0
2018-12-10 00:00:00+00:00,3069.0
2018-12-11 00:00:00+00:00,3400.0
2018-12-12 00:00:00+00:00,3106.0
2018-12-13 00:00:00+00:00,3108.0
2018-12-14 00:00:00+00:00,3084.0
2018-12-15 00:00:00+00:00,3057.0
2018-12-16 00:00:00+00:00,3229.0
2018-12-17 00:00:00+00:00,8785.0
2018-12-18 00:00:00+00:00,5468.0
2018-12-19 00:00:00+00:00,8384.0
2018-12-20 00:00:00+00:00,3861.0
2018-12-21 00:00:00+00:00,4248.0
2018-12-22 00:00:00+00:00,3493.0
2018-12-23 00:00:00+00:00,4409.0
2018-12-24 00:00:00+00:00,4679.0
2018-12-25 00:00:00+00:00,4185.0
2018-12-26 00:00:00+00:00,14589.0
2018-12-27 00:00:00+00:00,3692.0
2018-12-28 00:00:00+00:00,3841.0
2018-12-29 00:00:00+00:00,3641.0
2018-12-30 00:00:00+00:00,3043.0
2018-12-31 00:00:00+00:00,3230.0
2019-01-01 00:00:00+00:00,3184.0
2019-01-02 00:00:00+00:00,3698.0
2019-01-03 00:00:00+00:00,3428.0
2019-01-04 00:00:00+00:00,3675.0
2019-01-05 00:00:00+00:00,3393.0
2019-01-06 00:00:00+00:00,3489.0
2019-01-07 00:00:00+00:00,3561.0
2019-01-08 00:00:00+00:00,3549.0
2019-01-09 00:00:00+00:00,6182.0
2019-01-10 00:00:00+00:00,4610.0
2019-01-11 00:00:00+00:00,3822.0
2019-01-12 00:00:00+00:00,3392.0
2019-01-13 00:00:00+00:00,3499.0
2019-01-14 00:00:00+00:00,3471.0
2019-01-15 00:00:00+00:00,3539.0
2019-01-16 00:00:00+00:00,3908.0
2019-01-17 00:00:00+00:00,4777.0
2019-01-18 00:00:00+00:00,4173.0
2019-01-19 00:00:00+00:00,3419.0
2019-01-20 00:00:00+00:00,3508.0
2019-01-21 00:00:00+00:00,3599.0
2019-01-22 00:00:00+00:00,3440.0
2019-01-23 00:00:00+00:00,3611.0
2019-01-24 00:00:00+00:00,3487.0
2019-01-25 00:00:00+00:00,3596.0
2019-01-26 00:00:00+00:00,3652.0
2019-01-27 00:00:00+00:00,3507.0
2019-01-28 00:00:00+00:00,3961.0
2019-01-29 00:00:00+00:00,3803.0
2019-01-30 00:00:00+00:00,5236.0
2019-01-31 00:00:00+00:00,4689.0
2019-02-01 00:00:00+00:00,4972.0
2019-02-02 00:00:00+00:00,5856.0
2019-02-03 00:00:00+00:00,6019.0
2019-02-04 00:00:00+00:00,5313.0
2019-02-05 00:00:00+00:00,3399.0
2019-02-06 00:00:00+00:00,4284.0
2019-02-07 00:00:00+00:00,4185.0
2019-02-08 00:00:00+00:00,4445.0
2019-02-09 00:00:00+00:00,4288.0
2019-02-10 00:00:00+00:00,3207.0
2019-02-11 00:00:00+00:00,4409.0
2019-02-12 00:00:00+00:00,4182.0
2019-02-13 00:00:00+00:00,3915.0
2019-02-14 00:00:00+00:00,3447.0
2019-02-15 00:00:00+00:00,3583.0
2019-02-16 00:00:00+00:00,3415.0
2019-02-17 00:00:00+00:00,3283.0
2019-02-18 00:00:00+00:00,3909.0
2019-02-19 00:00:00+00:00,3748.0
2019-02-20 00:00:00+00:00,3728.0
2019-02-21 00:00:00+00:00,3687.0
2019-02-22 00:00:00+00:00,3799.0
2019-02-23 00:00:00+00:00,3630.0
2019-02-24 00:00:00+00:00,3631.0
2019-02-25 00:00:00+00:00,4338.0
2019-02-26 00:00:00+00:00,6031.0
2019-02-27 00:00:00+00:00,4380.0
2019-02-28 00:00:00+00:00,3700.0
2019-03-01 00:00:00+00:00,4306.0
2019-03-02 00:00:00+00:00,3886.0
2019-03-03 00:00:00+00:00,3853.0
2019-03-04 00:00:00+00:00,4416.0
2019-03-05 00:00:00+00:00,4557.0
2019-03-06 00:00:00+00:00,4561.0
2019-03-07 00:00:00+00:00,4393.0
2019-03-08 00:00:00+00:00,6975.0
2019-03-09 00:00:00+00:00,6958.0
2019-03-10 00:00:00+00:00,5436.0
2019-03-11 00:00:00+00:00,5119.0
2019-03-12 00:00:00+00:00,5331.0
2019-03-13 00:00:00+00:00,5266.0
2019-03-14 00:00:00+00:00,5265.0
2019-03-15 00:00:00+00:00,5069.0
2019-03-16 00:00:00+00:00,4866.0
2019-03-17 00:00:00+00:00,4943.0
2019-03-18 00:00:00+00:00,6077.0
2019-03-19 00:00:00+00:00,5152.0
2019-03-20 00:00:00+00:00,4903.0
2019-03-21 00:00:00+00:00,10534.0
2019-03-22 00:00:00+00:00,5700.0
2019-03-23 00:00:00+00:00,4606.0
2019-03-24 00:00:00+00:00,5835.0
2019-03-25 00:00:00+00:00,7114.0
2019-03-26 00:00:00+00:00,7981.0
2019-03-27 00:00:00+00:00,8325.0
2019-03-28 00:00:00+00:00,5743.0
2019-03-29 00:00:00+00:00,5381.0
2019-03-30 00:00:00+00:00,5057.0
2019-03-31 00:00:00+00:00,5036.0
2019-04-01 00:00:00+00:00,5162.0
2019-04-02 00:00:00+00:00,5562.0
2019-04-03 00:00:00+00:00,4995.0
2019-04-04 00:00:00+00:00,5070.0
2019-04-05 00:00:00+00:00,5478.0
2019-04-06 00:00:00+00:00,4752.0
2019-04-07 00:00:00+00:00,4810.0
2019-04-08 00:00:00+00:00,5143.0
2019-04-09 00:00:00+00:00,5074.0
2019-04-10 00:00:00+00:00,4791.0
2019-04-11 00:00:00+00:00,6273.0
2019-04-12 00:00:00+00:00,7363.0
2019-04-13 00:00:00+00:00,6255.0
2019-04-14 00:00:00+00:00,5212.0
2019-04-15 00:00:00+00:00,5021.0
2019-04-16 00:00:00+00:00,4870.0
2019-04-17 00:00:00+00:00,5239.0
2019-04-18 00:00:00+00:00,4967.0
2019-04-19 00:00:00+00:00,5325.0
2019-04-20 00:00:00+00:00,5171.0
2019-04-21 00:00:00+00:00,4904.0
2019-04-22 00:00:00+00:00,4679.0
2019-04-23 00:00:00+00:00,5312.0
2019-04-24 00:00:00+00:00,4764.0
2019-04-25 00:00:00+00:00,4670.0
2019-04-26 00:00:00+00:00,5266.0
2019-04-27 00:00:00+00:00,3988.0
2019-04-28 00:00:00+00:00,4401.0
2019-04-29 00:00:00+00:00,4004.0
2019-04-30 00:00:00+00:00,4324.0
2019-05-01 00:00:00+00:00,4234.0
2019-05-02 00:00:00+00:00,3955.0
2019-05-03 00:00:00+00:00,4668.0
2019-05-04 00:00:00+00:00,4179.0
2019-05-05 00:00:00+00:00,3943.0
2019-05-06 00:00:00+00:00,4205.0
2019-05-07 00:00:00+00:00,5005.0
2019-05-08 00:00:00+00:00,4236.0
2019-05-09 00:00:00+00:00,4646.0
2019-05-10 00:00:00+00:00,4703.0
2019-05-11 00:00:00+00:00,4891.0
2019-05-12 00:00:00+00:00,4888.0
2019-05-13 00:00:00+00:00,5422.0
2019-05-14 00:00:00+00:00,7052.0
2019-05-15 00:00:00+00:00,5172.0
2019-05-16 00:00:00+00:00,5008.0
2019-05-17 00:00:00+00:00,4659.0
2019-05-18 00:00:00+00:00,28603.0
2019-05-19 00:00:00+00:00,29187.0
2019-05-20 00:00:00+00:00,35841.0
2019-05-21 00:00:00+00:00,36762.0
2019-05-22 00:00:00+00:00,27495.0
2019-05-23 00:00:00+00:00,24761.0
2019-05-24 00:00:00+00:00,5552.0
2019-05-25 00:00:00+00:00,5148.0
2019-05-26 00:00:00+00:00,5153.0
2019-05-27 00:00:00+00:00,5353.0
2019-05-28 00:00:00+00:00,5141.0
2019-05-29 00:00:00+00:00,5026.0
2019-05-30 00:00:00+00:00,5046.0
2019-05-31 00:00:00+00:00,4427.0
2019-06-01 00:00:00+00:00,5517.0
2019-06-02 00:00:00+00:00,4673.0
2019-06-03 00:00:00+00:00,5012.0
2019-06-04 00:00:00+00:00,4898.0
2019-06-05 00:00:00+00:00,6533.0
2019-06-06 00:00:00+00:00,4508.0
2019-06-07 00:00:00+00:00,5221.0
2019-06-08 00:00:00+00:00,5492.0
2019-06-09 00:00:00+00:00,5191.0
2019-06-10 00:00:00+00:00,5891.0
2019-06-11 00:00:00+00:00,6105.0
2019-06-12 00:00:00+00:00,5869.0
2019-06-13 00:00:00+00:00,6022.0
2019-06-14 00:00:00+00:00,5789.0
2019-06-15 00:00:00+00:00,5626.0
2019-06-16 00:00:00+00:00,6038.0
2019-06-17 00:00:00+00:00,5841.0
2019-06-18 00:00:00+00:00,6512.0
2019-06-19 00:00:00+00:00,6594.0
2019-06-20 00:00:00+00:00,5455.0
2019-06-21 00:00:00+00:00,6832.0
2019-06-22 00:00:00+00:00,7078.0
2019-06-23 00:00:00+00:00,6237.0
2019-06-24 00:00:00+00:00,6906.0
2019-06-25 00:00:00+00:00,6160.0
2019-06-26 00:00:00+00:00,6693.0
2019-06-27 00:00:00+00:00,6160.0
2019-06-28 00:00:00+00:00,5058.0
2019-06-29 00:00:00+00:00,5274.0
2019-06-30 00:00:00+00:00,4224.0
2019-07-01 00:00:00+00:00,5559.0
2019-07-02 00:00:00+00:00,5229.0
2019-07-03 00:00:00+00:00,5882.0
2019-07-04 00:00:00+00:00,5970.0
2019-07-05 00:00:00+00:00,5152.0
2019-07-06 00:00:00+00:00,5033.0
2019-07-07 00:00:00+00:00,32345.0
2019-07-08 00:00:00+00:00,47958.0
2019-07-09 00:00:00+00:00,7696.0
2019-07-10 00:00:00+00:00,6466.0
2019-07-11 00:00:00+00:00,4769.0
2019-07-12 00:00:00+00:00,5434.0
2019-07-13 00:00:00+00:00,4945.0
2019-07-14 00:00:00+00:00,4878.0
2019-07-15 00:00:00+00:00,6117.0
2019-07-16 00:00:00+00:00,4685.0
2019-07-17 00:00:00+00:00,6311.0
2019-07-18 00:00:00+00:00,5753.0
2019-07-19 00:00:00+00:00,4832.0
2019-07-20 00:00:00+00:00,4445.0
2019-07-21 00:00:00+00:00,5070.0
2019-07-22 00:00:00+00:00,4806.0
2019-07-23 00:00:00+00:00,5747.0
2019-07-24 00:00:00+00:00,4983.0
2019-07-25 00:00:00+00:00,4494.0
2019-07-26 00:00:00+00:00,6833.0
2019-07-27 00:00:00+00:00,12170.0
2019-07-28 00:00:00+00:00,11008.0
2019-07-29 00:00:00+00:00,18710.0
2019-07-30 00:00:00+00:00,15594.0
2019-07-31 00:00:00+00:00,16629.0
2019-08-01 00:00:00+00:00,6800.0
2019-08-02 00:00:00+00:00,8145.0
2019-08-03 00:00:00+00:00,7662.0
2019-08-04 00:00:00+00:00,8314.0
2019-08-05 00:00:00+00:00,7979.0
2019-08-06 00:00:00+00:00,14467.0
2019-08-07 00:00:00+00:00,12534.0
2019-08-08 00:00:00+00:00,7490.0
2019-08-09 00:00:00+00:00,9123.0
2019-08-10 00:00:00+00:00,7035.0
2019-08-11 00:00:00+00:00,6970.0
2019-08-12 00:00:00+00:00,7829.0
2019-08-13 00:00:00+00:00,7369.0
2019-08-14 00:00:00+00:00,6922.0
2019-08-15 00:00:00+00:00,6527.0
2019-08-16 00:00:00+00:00,6097.0
2019-08-17 00:00:00+00:00,5967.0
2019-08-18 00:00:00+00:00,5834.0
2019-08-19 00:00:00+00:00,4881.0
2019-08-20 00:00:00+00:00,6014.0
2019-08-21 00:00:00+00:00,8399.0
2019-08-22 00:00:00+00:00,5864.0
2019-08-23 00:00:00+00:00,5965.0
2019-08-24 00:00:00+00:00,4677.0
2019-08-25 00:00:00+00:00,4023.0
2019-08-26 00:00:00+00:00,3579.0
2019-08-27 00:00:00+00:00,4427.0
2019-08-28 00:00:00+00:00,5391.0
2019-08-29 00:00:00+00:00,6176.0
2019-08-30 00:00:00+00:00,5433.0
2019-08-31 00:00:00+00:00,4069.0
2019-09-01 00:00:00+00:00,4103.0
2019-09-02 00:00:00+00:00,4097.0
2019-09-03 00:00:00+00:00,3926.0
2019-09-04 00:00:00+00:00,4257.0
2019-09-05 00:00:00+00:00,3621.0
2019-09-06 00:00:00+00:00,8436.0
2019-09-07 00:00:00+00:00,4697.0
2019-09-08 00:00:00+00:00,3891.0
2019-09-09 00:00:00+00:00,5122.0
2019-09-10 00:00:00+00:00,3444.0
2019-09-11 00:00:00+00:00,3506.0
2019-09-12 00:00:00+00:00,4148.0
2019-09-13 00:00:00+00:00,5412.0
2019-09-14 00:00:00+00:00,6008.0
2019-09-15 00:00:00+00:00,5055.0
2019-09-16 00:00:00+00:00,3968.0
2019-09-17 00:00:00+00:00,4615.0
2019-09-18 00:00:00+00:00,3864.0
2019-09-19 00:00:00+00:00,3016.0
2019-09-20 00:00:00+00:00,3256.0
2019-09-21 00:00:00+00:00,3754.0
2019-09-22 00:00:00+00:00,4579.0
2019-09-23 00:00:00+00:00,3470.0
2019-09-24 00:00:00+00:00,3327.0
2019-09-25 00:00:00+00:00,3637.0
2019-09-26 00:00:00+00:00,3509.0
2019-09-27 00:00:00+00:00,3036.0
2019-09-28 00:00:00+00:00,3001.0
2019-09-29 00:00:00+00:00,3173.0
2019-09-30 00:00:00+00:00,4683.0
2019-10-01 00:00:00+00:00,4653.0
2019-10-02 00:00:00+00:00,7369.0
2019-10-03 00:00:00+00:00,4606.0
2019-10-04 00:00:00+00:00,4562.0
2019-10-05 00:00:00+00:00,4141.0
2019-10-06 00:00:00+00:00,3704.0
2019-10-07 00:00:00+00:00,4180.0
2019-10-08 00:00:00+00:00,4434.0
2019-10-09 00:00:00+00:00,8868.0
2019-10-10 00:00:00+00:00,7349.0
2019-10-11 00:00:00+00:00,6413.0
2019-10-12 00:00:00+00:00,5484.0
2019-10-13 00:00:00+00:00,5298.0
2019-10-14 00:00:00+00:00,5918.0
2019-10-15 00:00:00+00:00,5936.0
2019-10-16 00:00:00+00:00,6131.0
2019-10-17 00:00:00+00:00,6144.0
2019-10-18 00:00:00+00:00,8011.0
2019-10-19 00:00:00+00:00,5858.0
2019-10-20 00:00:00+00:00,6031.0
2019-10-21 00:00:00+00:00,5400.0
2019-10-22 00:00:00+00:00,5035.0
2019-10-23 00:00:00+00:00,5457.0
2019-10-24 00:00:00+00:00,5078.0
2019-10-25 00:00:00+00:00,6679.0
2019-10-26 00:00:00+00:00,5078.0
2019-10-27 00:00:00+00:00,5238.0
2019-10-28 00:00:00+00:00,5111.0
2019-10-29 00:00:00+00:00,5463.0
2019-10-30 00:00:00+00:00,6344.0
2019-10-31 00:00:00+00:00,4280.0
2019-11-01 00:00:00+00:00,6265.0
2019-11-02 00:00:00+00:00,3661.0
2019-11-03 00:00:00+00:00,3760.0
2019-11-04 00:00:00+00:00,3852.0
2019-11-05 00:00:00+00:00,3952.0
2019-11-06 00:00:00+00:00,5038.0
2019-11-07 00:00:00+00:00,9536.0
2019-11-08 00:00:00+00:00,4045.0
2019-11-09 00:00:00+00:00,3787.0
2019-11-10 00:00:00+00:00,17443.0
2019-11-11 00:00:00+00:00,20276.0
2019-11-12 00:00:00+00:00,4663.0
2019-11-13 00:00:00+00:00,5307.0
2019-11-14 00:00:00+00:00,5201.0
2019-11-15 00:00:00+00:00,5413.0
2019-11-16 00:00:00+00:00,10543.0
2019-11-18 00:00:00+00:00,5439.0
2019-11-19 00:00:00+00:00,4279.0
2019-11-20 00:00:00+00:00,4546.0
2019-11-21 00:00:00+00:00,5540.0
2019-11-22 00:00:00+00:00,5652.0
2019-11-23 00:00:00+00:00,4963.0
2019-11-24 00:00:00+00:00,4809.0
2019-11-25 00:00:00+00:00,5275.0
2019-11-26 00:00:00+00:00,4969.0
2019-11-27 00:00:00+00:00,5298.0
2019-11-28 00:00:00+00:00,4549.0
2019-11-29 00:00:00+00:00,4676.0
2019-11-30 00:00:00+00:00,4851.0
2019-12-01 00:00:00+00:00,4486.0
2019-12-02 00:00:00+00:00,4914.0
2019-12-03 00:00:00+00:00,6881.0
2019-12-04 00:00:00+00:00,5356.0
2019-12-05 00:00:00+00:00,5244.0
2019-12-06 00:00:00+00:00,4712.0
2019-12-07 00:00:00+00:00,4588.0
2019-12-08 00:00:00+00:00,4563.0
2019-12-09 00:00:00+00:00,5028.0
2019-12-10 00:00:00+00:00,5677.0
2019-12-11 00:00:00+00:00,7085.0
2019-12-12 00:00:00+00:00,6122.0
2019-12-13 00:00:00+00:00,4990.0
2019-12-14 00:00:00+00:00,6518.0
2019-12-15 00:00:00+00:00,4298.0
2019-12-16 00:00:00+00:00,5027.0
2019-12-17 00:00:00+00:00,4865.0
2019-12-18 00:00:00+00:00,5982.0
2019-12-19 00:00:00+00:00,4701.0
2019-12-20 00:00:00+00:00,5177.0
2019-12-21 00:00:00+00:00,5192.0
2019-12-22 00:00:00+00:00,4853.0
2019-12-23 00:00:00+00:00,5110.0
2019-12-24 00:00:00+00:00,5723.0
2019-12-25 00:00:00+00:00,4573.0
2019-12-26 00:00:00+00:00,4683.0
2019-12-27 00:00:00+00:00,5834.0
2019-12-28 00:00:00+00:00,4908.0
2019-12-29 00:00:00+00:00,5103.0
2019-12-30 00:00:00+00:00,4724.0
2019-12-31 00:00:00+00:00,5504.0
2020-01-01 00:00:00+00:00,5054.0
2020-01-02 00:00:00+00:00,5110.0
2020-01-03 00:00:00+00:00,5447.0
2020-01-04 00:00:00+00:00,5222.0
2020-01-05 00:00:00+00:00,5266.0
2020-01-06 00:00:00+00:00,5402.0
2020-01-07 00:00:00+00:00,4963.0
2020-01-08 00:00:00+00:00,4853.0
2020-01-09 00:00:00+00:00,4944.0
2020-01-10 00:00:00+00:00,4966.0
2020-01-11 00:00:00+00:00,5113.0
2020-01-12 00:00:00+00:00,4229.0
2020-01-13 00:00:00+00:00,4388.0
2020-01-14 00:00:00+00:00,5509.0
2020-01-15 00:00:00+00:00,6104.0
2020-01-16 00:00:00+00:00,5897.0
2020-01-17 00:00:00+00:00,5629.0
2020-01-18 00:00:00+00:00,4479.0
2020-01-19 00:00:00+00:00,4415.0
2020-01-20 00:00:00+00:00,4525.0
2020-01-21 00:00:00+00:00,5402.0
2020-01-22 00:00:00+00:00,4631.0
2020-01-23 00:00:00+00:00,5343.0
2020-01-24 00:00:00+00:00,5661.0
2020-01-25 00:00:00+00:00,6167.0
2020-01-26 00:00:00+00:00,4469.0
2020-01-27 00:00:00+00:00,5189.0
2020-01-28 00:00:00+00:00,5151.0
2020-01-29 00:00:00+00:00,5020.0
2020-01-30 00:00:00+00:00,11224.0
2020-01-31 00:00:00+00:00,14361.0
2020-02-01 00:00:00+00:00,21110.0
2020-02-02 00:00:00+00:00,5236.0
2020-02-03 00:00:00+00:00,10345.0
2020-02-04 00:00:00+00:00,18886.0
2020-02-05 00:00:00+00:00,19950.0
2020-02-06 00:00:00+00:00,17180.0
2020-02-07 00:00:00+00:00,16661.0
2020-02-08 00:00:00+00:00,6755.0
2020-02-09 00:00:00+00:00,17489.0
2020-02-10 00:00:00+00:00,8816.0
2020-02-11 00:00:00+00:00,9331.0
2020-02-12 00:00:00+00:00,8320.0
2020-02-13 00:00:00+00:00,7294.0
2020-02-14 00:00:00+00:00,5756.0
2020-02-15 00:00:00+00:00,5321.0
2020-02-16 00:00:00+00:00,5259.0
2020-02-17 00:00:00+00:00,6453.0
2020-02-18 00:00:00+00:00,7981.0
2020-02-19 00:00:00+00:00,12577.0
2020-02-20 00:00:00+00:00,7447.0
2020-02-21 00:00:00+00:00,9854.0
2020-02-22 00:00:00+00:00,8542.0
2020-02-23 00:00:00+00:00,7419.0
2020-02-24 00:00:00+00:00,7761.0
2020-02-25 00:00:00+00:00,8267.0
2020-02-26 00:00:00+00:00,6495.0
2020-02-27 00:00:00+00:00,22112.0
2020-02-28 00:00:00+00:00,13604.0
2020-02-29 00:00:00+00:00,7111.0
2020-03-01 00:00:00+00:00,5958.0
2020-03-02 00:00:00+00:00,5775.0
2020-03-03 00:00:00+00:00,6952.0
2020-03-04 00:00:00+00:00,5980.0
2020-03-05 00:00:00+00:00,6267.0
2020-03-06 00:00:00+00:00,6642.0
2020-03-07 00:00:00+00:00,5858.0
2020-03-08 00:00:00+00:00,5286.0
2020-03-09 00:00:00+00:00,5034.0
2020-03-10 00:00:00+00:00,5800.0
2020-03-11 00:00:00+00:00,5660.0
2020-03-12 00:00:00+00:00,3864.0
2020-03-13 00:00:00+00:00,4603.0
2020-03-14 00:00:00+00:00,4799.0
2020-03-15 00:00:00+00:00,4861.0
2020-03-16 00:00:00+00:00,4887.0
2020-03-17 00:00:00+00:00,6046.0
2020-03-18 00:00:00+00:00,8853.0
2020-03-19 00:00:00+00:00,7000.0
2020-03-20 00:00:00+00:00,5617.0
2020-03-21 00:00:00+00:00,4923.0
2020-03-22 00:00:00+00:00,4848.0
2020-03-23 00:00:00+00:00,5219.0
2020-03-24 00:00:00+00:00,5691.0
2020-03-25 00:00:00+00:00,5810.0
2020-03-26 00:00:00+00:00,5870.0
2020-03-27 00:00:00+00:00,5990.0
2020-03-28 00:00:00+00:00,5364.0
2020-03-29 00:00:00+00:00,5697.0
2020-03-30 00:00:00+00:00,6625.0
2020-03-31 00:00:00+00:00,6438.0
2020-04-01 00:00:00+00:00,5942.0
2020-04-02 00:00:00+00:00,5749.0
2020-04-03 00:00:00+00:00,6250.0
2020-04-04 00:00:00+00:00,5308.0
2020-04-05 00:00:00+00:00,5200.0
2020-04-06 00:00:00+00:00,6186.0
2020-04-07 00:00:00+00:00,5097.0
2020-04-08 00:00:00+00:00,5250.0
2020-04-09 00:00:00+00:00,5275.0
2020-04-10 00:00:00+00:00,5128.0
2020-04-11 00:00:00+00:00,4922.0
2020-04-12 00:00:00+00:00,4755.0
2020-04-13 00:00:00+00:00,5211.0
2020-04-14 00:00:00+00:00,6011.0
2020-04-15 00:00:00+00:00,4848.0
2020-04-16 00:00:00+00:00,4719.0
2020-04-17 00:00:00+00:00,5079.0
2020-04-18 00:00:00+00:00,5000.0
2020-04-19 00:00:00+00:00,4967.0
2020-04-20 00:00:00+00:00,4520.0
2020-04-21 00:00:00+00:00,4682.0
2020-04-22 00:00:00+00:00,4741.0
2020-04-23 00:00:00+00:00,4908.0
2020-04-24 00:00:00+00:00,8111.0
2020-04-25 00:00:00+00:00,5896.0
2020-04-26 00:00:00+00:00,5415.0
2020-04-27 00:00:00+00:00,5478.0
2020-04-28 00:00:00+00:00,5072.0
2020-04-29 00:00:00+00:00,4974.0
2020-04-30 00:00:00+00:00,6216.0
2020-05-01 00:00:00+00:00,6228.0
2020-05-02 00:00:00+00:00,4623.0
2020-05-03 00:00:00+00:00,5534.0
2020-05-04 00:00:00+00:00,4304.0
2020-05-05 00:00:00+00:00,4346.0
2020-05-06 00:00:00+00:00,4197.0
2020-05-07 00:00:00+00:00,3927.0
2020-05-08 00:00:00+00:00,5668.0
2020-05-09 00:00:00+00:00,4268.0
2020-05-10 00:00:00+00:00,4217.0
2020-05-11 00:00:00+00:00,4823.0
2020-05-12 00:00:00+00:00,4654.0
2020-05-13 00:00:00+00:00,4701.0
2020-05-14 00:00:00+00:00,3877.0
2020-05-15 00:00:00+00:00,4412.0
2020-05-16 00:00:00+00:00,4546.0
2020-05-17 00:00:00+00:00,4533.0
2020-05-18 00:00:00+00:00,5375.0
2020-05-19 00:00:00+00:00,6670.0
2020-05-20 00:00:00+00:00,6032.0
2020-05-21 00:00:00+00:00,5316.0
2020-05-22 00:00:00+00:00,6337.0
2020-05-23 00:00:00+00:00,5776.0
2020-05-24 00:00:00+00:00,5489.0
2020-05-25 00:00:00+00:00,5629.0
2020-05-26 00:00:00+00:00,6248.0
2020-05-27 00:00:00+00:00,6357.0
2020-05-28 00:00:00+00:00,5980.0
2020-05-29 00:00:00+00:00,6241.0
2020-05-30 00:00:00+00:00,5160.0
2020-05-31 00:00:00+00:00,5910.0
2020-06-01 00:00:00+00:00,5813.0
2020-06-02 00:00:00+00:00,5778.0
2020-06-03 00:00:00+00:00,5986.0
2020-06-04 00:00:00+00:00,6332.0
2020-06-05 00:00:00+00:00,6080.0
2020-06-06 00:00:00+00:00,5924.0
2020-06-07 00:00:00+00:00,5895.0
2020-06-08 00:00:00+00:00,6202.0
2020-06-09 00:00:00+00:00,6470.0
2020-06-10 00:00:00+00:00,6651.0
2020-06-11 00:00:00+00:00,6402.0
2020-06-12 00:00:00+00:00,6411.0
2020-06-13 00:00:00+00:00,6382.0
2020-06-14 00:00:00+00:00,7695.0
2020-06-15 00:00:00+00:00,6925.0
2020-06-16 00:00:00+00:00,8116.0
2020-06-17 00:00:00+00:00,6771.0
2020-06-18 00:00:00+00:00,7121.0
2020-06-19 00:00:00+00:00,7691.0
2020-06-20 00:00:00+00:00,7706.0
2020-06-21 00:00:00+00:00,8435.0
2020-06-22 00:00:00+00:00,8628.0
2020-06-23 00:00:00+00:00,9753.0
2020-06-24 00:00:00+00:00,10457.0
2020-06-25 00:00:00+00:00,10014.0
2020-06-26 00:00:00+00:00,9453.0
2020-06-27 00:00:00+00:00,8641.0
2020-06-28 00:00:00+00:00,8812.0
2020-06-29 00:00:00+00:00,9538.0
2020-06-30 00:00:00+00:00,8831.0
2020-07-01 00:00:00+00:00,10571.0
2020-07-02 00:00:00+00:00,10317.0
2020-07-03 00:00:00+00:00,10680.0
2020-07-04 00:00:00+00:00,10319.0
2020-07-05 00:00:00+00:00,10098.0
2020-07-06 00:00:00+00:00,11044.0
2020-07-07 00:00:00+00:00,11500.0
2020-07-08 00:00:00+00:00,12509.0
2020-07-09 00:00:00+00:00,14133.0
2020-07-11 00:00:00+00:00,10477.0
2020-07-12 00:00:00+00:00,11095.0
2020-07-13 00:00:00+00:00,12156.0
2020-07-14 00:00:00+00:00,11661.0
2020-07-15 00:00:00+00:00,11060.0
2020-07-16 00:00:00+00:00,10320.0
2020-07-17 00:00:00+00:00,12208.0
2020-07-18 00:00:00+00:00,12302.0
2020-07-19 00:00:00+00:00,13420.0
2020-07-20 00:00:00+00:00,13386.0
2020-07-21 00:00:00+00:00,14471.0
2020-07-23 00:00:00+00:00,21028.0
2020-07-24 00:00:00+00:00,15922.0
2020-07-25 00:00:00+00:00,15911.0
2020-07-26 00:00:00+00:00,22311.0
2020-07-27 00:00:00+00:00,16030.0
2020-07-28 00:00:00+00:00,16408.0
2020-07-29 00:00:00+00:00,17084.0
2020-07-30 00:00:00+00:00,15844.0
2020-07-31 00:00:00+00:00,20101.0
2020-08-01 00:00:00+00:00,17877.0
2020-08-02 00:00:00+00:00,15801.0
2020-08-03 00:00:00+00:00,18187.0
2020-08-04 00:00:00+00:00,19300.0
2020-08-05 00:00:00+00:00,20103.0
2020-08-06 00:00:00+00:00,20696.0
2020-08-07 00:00:00+00:00,23301.0
2020-08-08 00:00:00+00:00,25451.0
2020-08-09 00:00:00+00:00,28374.0
2020-08-10 00:00:00+00:00,29456.0
2020-08-11 00:00:00+00:00,29493.0
2020-08-12 00:00:00+00:00,27161.0
2020-08-13 00:00:00+00:00,26575.0
2020-08-14 00:00:00+00:00,24764.0
2020-08-15 00:00:00+00:00,25032.0
2020-08-16 00:00:00+00:00,28024.0
2020-08-17 00:00:00+00:00,27468.0
2020-08-18 00:00:00+00:00,32544.0
2020-08-19 00:00:00+00:00,28282.0
2020-08-20 00:00:00+00:00,29091.0
2020-08-21 00:00:00+00:00,29514.0
2020-08-22 00:00:00+00:00,27055.0
2020-08-23 00:00:00+00:00,29294.0
2020-08-24 00:00:00+00:00,31295.0
2020-08-25 00:00:00+00:00,29739.0
2020-08-26 00:00:00+00:00,30008.0
2020-08-27 00:00:00+00:00,29803.0
2020-08-28 00:00:00+00:00,29826.0
2020-08-29 00:00:00+00:00,33676.0
2020-08-30 00:00:00+00:00,38913.0
2020-08-31 00:00:00+00:00,41084.0
2020-09-01 00:00:00+00:00,39675.0
2020-09-02 00:00:00+00:00,41262.0
2020-09-03 00:00:00+00:00,39112.0
2020-09-04 00:00:00+00:00,34934.0
2020-09-05 00:00:00+00:00,30945.0
2020-09-06 00:00:00+00:00,31795.0
2020-09-07 00:00:00+00:00,30449.0
2020-09-08 00:00:00+00:00,30210.0
2020-09-09 00:00:00+00:00,30776.0
2020-09-10 00:00:00+00:00,31488.0
2020-09-11 00:00:00+00:00,31705.0
2020-09-12 00:00:00+00:00,34619.0
2020-09-13 00:00:00+00:00,33161.0
2020-09-14 00:00:00+00:00,33530.0
2020-09-15 00:00:00+00:00,36368.0
2020-09-16 00:00:00+00:00,34765.0
2020-09-17 00:00:00+00:00,29526.0
2020-09-18 00:00:00+00:00,42220.0
2020-09-19 00:00:00+00:00,42932.0
2020-09-20 00:00:00+00:00,42557.0
2020-09-21 00:00:00+00:00,39982.0
2020-09-22 00:00:00+00:00,44305.0
2020-09-23 00:00:00+00:00,42733.0
2020-09-24 00:00:00+00:00,41644.0
2020-09-25 00:00:00+00:00,42619.0
2020-09-26 00:00:00+00:00,40691.0
2020-09-27 00:00:00+00:00,43483.0
2020-09-28 00:00:00+00:00,51968.0
2020-09-29 00:00:00+00:00,51431.0
2020-09-30 00:00:00+00:00,50022.0
2020-10-01 00:00:00+00:00,48627.0
2020-10-02 00:00:00+00:00,44657.0
2020-10-03 00:00:00+00:00,46097.0
2020-10-04 00:00:00+00:00,46621.0
2020-10-05 00:00:00+00:00,47354.0
2020-10-06 00:00:00+00:00,48490.0
2020-10-07 00:00:00+00:00,46672.0
2020-10-08 00:00:00+00:00,45048.0
2020-10-09 00:00:00+00:00,46094.0
2020-10-10 00:00:00+00:00,46075.0
2020-10-11 00:00:00+00:00,45927.0
2020-10-12 00:00:00+00:00,44450.0
2020-10-13 00:00:00+00:00,45029.0
2020-10-14 00:00:00+00:00,40758.0
2020-10-15 00:00:00+00:00,41379.0
2020-10-16 00:00:00+00:00,40199.0
2020-10-17 00:00:00+00:00,39494.0
2020-10-18 00:00:00+00:00,38603.0
2020-10-19 00:00:00+00:00,40754.0
2020-10-20 00:00:00+00:00,41307.0
2020-10-21 00:00:00+00:00,40265.0
2020-10-22 00:00:00+00:00,40369.0
2020-10-23 00:00:00+00:00,38868.0
2020-10-24 00:00:00+00:00,38170.0
2020-10-25 00:00:00+00:00,38209.0
2020-10-26 00:00:00+00:00,41131.0
2020-10-27 00:00:00+00:00,41910.0
2020-10-28 00:00:00+00:00,45001.0
2020-10-29 00:00:00+00:00,44122.0
2020-10-30 00:00:00+00:00,45510.0
2020-10-31 00:00:00+00:00,43834.0
2020-11-01 00:00:00+00:00,44060.0
2020-11-02 00:00:00+00:00,42792.0
2020-11-03 00:00:00+00:00,40806.0
2020-11-04 00:00:00+00:00,38070.0
2020-11-05 00:00:00+00:00,39202.0
2020-11-06 00:00:00+00:00,39696.0
2020-11-07 00:00:00+00:00,36164.0
2020-11-08 00:00:00+00:00,36339.0
2020-11-09 00:00:00+00:00,37775.0
2020-11-10 00:00:00+00:00,44296.0
2020-11-11 00:00:00+00:00,37070.0
2020-11-12 00:00:00+00:00,36732.0
2020-11-13 00:00:00+00:00,40740.0
2020-11-14 00:00:00+00:00,39715.0
2020-11-15 00:00:00+00:00,40668.0
2020-11-16 00:00:00+00:00,42090.0
2020-11-17 00:00:00+00:00,42828.0
2020-11-18 00:00:00+00:00,40154.0
2020-11-19 00:00:00+00:00,44864.0
2020-11-20 00:00:00+00:00,44402.0
2020-11-21 00:00:00+00:00,44610.0
2020-11-22 00:00:00+00:00,42216.0
2020-11-23 00:00:00+00:00,42988.0
2020-11-24 00:00:00+00:00,41206.0
2020-11-25 00:00:00+00:00,40064.0
2020-11-26 00:00:00+00:00,34369.0
2020-11-27 00:00:00+00:00,37481.0
2020-11-28 00:00:00+00:00,36992.0
2020-11-29 00:00:00+00:00,37747.0
2020-11-30 00:00:00+00:00,35462.0
2020-12-01 00:00:00+00:00,38167.0
2020-12-02 00:00:00+00:00,41863.0
2020-12-03 00:00:00+00:00,42828.0
2020-12-04 00:00:00+00:00,41025.0
2020-12-05 00:00:00+00:00,41556.0
2020-12-06 00:00:00+00:00,45357.0
2020-12-07 00:00:00+00:00,44248.0
2020-12-08 00:00:00+00:00,44506.0
2020-12-09 00:00:00+00:00,44583.0
2020-12-10 00:00:00+00:00,43822.0
2020-12-11 00:00:00+00:00,41838.0
2020-12-12 00:00:00+00:00,41319.0
2020-12-13 00:00:00+00:00,40996.0
2020-12-14 00:00:00+00:00,41475.0
2020-12-15 00:00:00+00:00,42102.0
2020-12-16 00:00:00+00:00,41826.0
2020-12-17 00:00:00+00:00,37640.0
2020-12-18 00:00:00+00:00,43113.0
2020-12-19 00:00:00+00:00,45730.0
2020-12-20 00:00:00+00:00,49686.0
2020-12-21 00:00:00+00:00,45695.0
2020-12-22 00:00:00+00:00,43143.0
2020-12-23 00:00:00+00:00,40470.0
2020-12-24 00:00:00+00:00,40073.0
2020-12-25 00:00:00+00:00,44284.0
2020-12-26 00:00:00+00:00,40960.0
2020-12-27 00:00:00+00:00,39917.0
2020-12-28 00:00:00+00:00,44312.0
2020-12-29 00:00:00+00:00,41725.0
2020-12-30 00:00:00+00:00,41127.0
2020-12-31 00:00:00+00:00,42749.0
2021-01-01 00:00:00+00:00,43077.0
2021-01-02 00:00:00+00:00,40424.0
2021-01-03 00:00:00+00:00,36674.0
2021-01-04 00:00:00+00:00,30598.0
2021-01-05 00:00:00+00:00,37617.0
2021-01-06 00:00:00+00:00,37949.0
2021-01-07 00:00:00+00:00,36440.0
2021-01-08 00:00:00+00:00,37689.0
2021-01-09 00:00:00+00:00,42264.0
2021-01-10 00:00:00+00:00,40253.0
2021-01-11 00:00:00+00:00,28048.0
2021-01-12 00:00:00+00:00,37264.0
2021-01-13 00:00:00+00:00,37551.0
2021-01-14 00:00:00+00:00,38777.0
2021-01-15 00:00:00+00:00,39392.0
2021-01-16 00:00:00+00:00,44365.0
2021-01-17 00:00:00+00:00,48797.0
2021-01-18 00:00:00+00:00,49302.0
2021-01-19 00:00:00+00:00,46521.0
2021-01-20 00:00:00+00:00,46671.0
2021-01-21 00:00:00+00:00,43800.0
2021-01-22 00:00:00+00:00,41545.0
2021-01-23 00:00:00+00:00,47763.0
2021-01-24 00:00:00+00:00,50732.0
2021-01-25 00:00:00+00:00,47038.0
2021-01-26 00:00:00+00:00,47621.0
2021-01-27 00:00:00+00:00,46744.0
2021-01-28 00:00:00+00:00,49006.0
2021-01-29 00:00:00+00:00,44867.0
2021-01-30 00:00:00+00:00,53283.0
2021-01-31 00:00:00+00:00,57432.0
2021-02-01 00:00:00+00:00,53069.0
2021-02-02 00:00:00+00:00,54117.0
2021-02-03 00:00:00+00:00,53274.0
2021-02-04 00:00:00+00:00,48055.0
2021-02-05 00:00:00+00:00,54593.0
2021-02-06 00:00:00+00:00,54514.0
2021-02-07 00:00:00+00:00,56682.0
2021-02-08 00:00:00+00:00,52184.0
2021-02-09 00:00:00+00:00,55965.0
2021-02-10 00:00:00+00:00,54455.0
2021-02-11 00:00:00+00:00,61025.0
2021-02-12 00:00:00+00:00,62318.0
2021-02-13 00:00:00+00:00,65759.0
2021-02-14 00:00:00+00:00,68588.0
2021-02-15 00:00:00+00:00,59379.0
2021-02-16 00:00:00+00:00,64485.0
2021-02-17 00:00:00+00:00,62842.0
2021-02-18 00:00:00+00:00,60295.0
2021-02-19 00:00:00+00:00,58965.0
2021-02-20 00:00:00+00:00,57422.0
2021-02-21 00:00:00+00:00,61704.0
2021-02-22 00:00:00+00:00,54902.0
2021-02-23 00:00:00+00:00,42018.0
2021-02-24 00:00:00+00:00,56873.0
2021-02-25 00:00:00+00:00,57612.0
2021-02-26 00:00:00+00:00,54535.0
2021-02-27 00:00:00+00:00,58706.0
2021-02-28 00:00:00+00:00,55889.0
2021-03-01 00:00:00+00:00,58674.0
2021-03-02 00:00:00+00:00,59992.0
2021-03-03 00:00:00+00:00,66037.0
2021-03-04 00:00:00+00:00,69946.0
2021-03-05 00:00:00+00:00,65768.0
2021-03-06 00:00:00+00:00,66199.0
2021-03-07 00:00:00+00:00,65742.0
2021-03-08 00:00:00+00:00,73336.0
2021-03-09 00:00:00+00:00,77003.0
2021-03-10 00:00:00+00:00,71531.0
2021-03-11 00:00:00+00:00,74045.0
2021-03-12 00:00:00+00:00,85148.0
2021-03-13 00:00:00+00:00,86405.0
2021-03-14 00:00:00+00:00,92904.0
2021-03-15 00:00:00+00:00,89636.0
2021-03-16 00:00:00+00:00,84455.0
2021-03-17 00:00:00+00:00,82920.0
2021-03-18 00:00:00+00:00,82287.0
2021-03-19 00:00:00+00:00,83528.0
2021-03-20 00:00:00+00:00,88171.0
2021-03-21 00:00:00+00:00,80753.0
2021-03-22 00:00:00+00:00,80169.0
2021-03-23 00:00:00+00:00,79171.0
2021-03-24 00:00:00+00:00,79768.0
2021-03-25 00:00:00+00:00,73257.0
2021-03-26 00:00:00+00:00,79667.0
2021-03-27 00:00:00+00:00,81857.0
2021-03-28 00:00:00+00:00,82629.0
2021-03-29 00:00:00+00:00,81649.0
2021-03-30 00:00:00+00:00,82226.0
2021-03-31 00:00:00+00:00,80519.0
2021-04-01 00:00:00+00:00,85179.0
2021-04-02 00:00:00+00:00,80846.0
2021-04-03 00:00:00+00:00,81937.0
2021-04-04 00:00:00+00:00,79432.0
2021-04-05 00:00:00+00:00,80069.0
2021-04-06 00:00:00+00:00,80650.0
2021-04-07 00:00:00+00:00,76899.0
2021-04-08 00:00:00+00:00,81592.0
2021-04-09 00:00:00+00:00,82167.0
2021-04-10 00:00:00+00:00,79408.0
2021-04-11 00:00:00+00:00,81566.0
2021-04-12 00:00:00+00:00,76925.0
2021-04-13 00:00:00+00:00,77204.0
2021-04-14 00:00:00+00:00,77808.0
2021-04-15 00:00:00+00:00,78973.0
2021-04-16 00:00:00+00:00,81056.0
2021-04-17 00:00:00+00:00,97200.0
2021-04-18 00:00:00+00:00,83779.0
2021-04-19 00:00:00+00:00,83838.0
2021-04-20 00:00:00+00:00,89395.0
2021-04-21 00:00:00+00:00,96061.0
2021-04-22 00:00:00+00:00,89818.0
2021-04-23 00:00:00+00:00,86838.0
2021-04-24 00:00:00+00:00,88183.0
2021-04-25 00:00:00+00:00,88253.0
2021-04-26 00:00:00+00:00,92909.0
2021-04-27 00:00:00+00:00,98744.0
2021-04-28 00:00:00+00:00,102372.0
2021-04-29 00:00:00+00:00,99577.0
2021-04-30 00:00:00+00:00,105749.0
2021-05-01 00:00:00+00:00,99646.0
2021-05-02 00:00:00+00:00,92491.0
2021-05-03 00:00:00+00:00,92668.0
2021-05-04 00:00:00+00:00,94677.0
2021-05-05 00:00:00+00:00,102191.0
2021-05-06 00:00:00+00:00,94494.0
2021-05-07 00:00:00+00:00,100075.0
2021-05-08 00:00:00+00:00,124523.0
2021-05-09 00:00:00+00:00,139008.0
2021-05-10 00:00:00+00:00,123018.0
2021-05-11 00:00:00+00:00,132251.0
2021-05-12 00:00:00+00:00,117925.0
2021-05-13 00:00:00+00:00,104627.0
2021-05-14 00:00:00+00:00,121569.0
2021-05-15 00:00:00+00:00,128134.0
2021-05-16 00:00:00+00:00,115878.0
2021-05-17 00:00:00+00:00,106330.0
2021-05-18 00:00:00+00:00,124553.0
2021-05-19 00:00:00+00:00,85720.0
2021-05-20 00:00:00+00:00,91516.0
2021-05-21 00:00:00+00:00,90719.0
2021-05-22 00:00:00+00:00,88261.0
2021-05-23 00:00:00+00:00,77271.0
2021-05-24 00:00:00+00:00,87575.0
2021-05-25 00:00:00+00:00,92780.0
2021-05-26 00:00:00+00:00,93608.0
2021-05-27 00:00:00+00:00,90595.0
2021-05-28 00:00:00+00:00,89129.0
2021-05-29 00:00:00+00:00,85307.0
2021-05-30 00:00:00+00:00,82286.0
2021-05-31 00:00:00+00:00,82864.0
2021-06-01 00:00:00+00:00,87913.0
2021-06-02 00:00:00+00:00,92615.0
2021-06-03 00:00:00+00:00,92335.0
2021-06-04 00:00:00+00:00,86931.0
2021-06-05 00:00:00+00:00,84366.0
2021-06-06 00:00:00+00:00,81447.0
2021-06-07 00:00:00+00:00,85964.0
2021-06-08 00:00:00+00:00,85951.0
2021-06-09 00:00:00+00:00,85645.0
2021-06-10 00:00:00+00:00,87435.0
2021-06-11 00:00:00+00:00,86648.0
2021-06-12 00:00:00+00:00,84295.0
2021-06-13 00:00:00+00:00,81928.0
2021-06-14 00:00:00+00:00,85977.0
2021-06-15 00:00:00+00:00,91782.0
2021-06-16 00:00:00+00:00,91294.0
2021-06-17 00:00:00+00:00,85441.0
2021-06-18 00:00:00+00:00,81907.0
2021-06-19 00:00:00+00:00,81000.0
2021-06-20 00:00:00+00:00,75922.0
2021-06-21 00:00:00+00:00,69040.0
2021-06-22 00:00:00+00:00,70502.0
2021-06-23 00:00:00+00:00,75403.0
2021-06-24 00:00:00+00:00,76920.0
2021-06-25 00:00:00+00:00,75827.0
2021-06-26 00:00:00+00:00,74021.0
2021-06-27 00:00:00+00:00,72134.0
2021-06-28 00:00:00+00:00,79457.0
2021-06-29 00:00:00+00:00,84917.0
2021-06-30 00:00:00+00:00,79435.0
2021-07-01 00:00:00+00:00,79339.0
2021-07-02 00:00:00+00:00,80529.0
2021-07-03 00:00:00+00:00,81357.0
2021-07-04 00:00:00+00:00,83155.0
2021-07-05 00:00:00+00:00,80376.0
2021-07-06 00:00:00+00:00,79833.0
2021-07-07 00:00:00+00:00,84029.0
2021-07-08 00:00:00+00:00,81968.0
2021-07-09 00:00:00+00:00,83657.0
2021-07-10 00:00:00+00:00,86237.0
2021-07-11 00:00:00+00:00,87610.0
2021-07-12 00:00:00+00:00,81304.0
2021-07-13 00:00:00+00:00,79713.0
2021-07-14 00:00:00+00:00,78983.0
2021-07-15 00:00:00+00:00,85251.0
2021-07-16 00:00:00+00:00,83914.0
2021-07-17 00:00:00+00:00,81421.0
2021-07-18 00:00:00+00:00,79454.0
2021-07-19 00:00:00+00:00,82212.0
2021-07-20 00:00:00+00:00,80877.0
2021-07-21 00:00:00+00:00,81952.0
2021-07-22 00:00:00+00:00,77231.0
2021-07-23 00:00:00+00:00,82468.0
2021-07-24 00:00:00+00:00,88155.0
2021-07-25 00:00:00+00:00,82386.0
2021-07-26 00:00:00+00:00,79061.0
2021-07-27 00:00:00+00:00,85114.0
2021-07-28 00:00:00+00:00,96882.0
2021-07-29 00:00:00+00:00,95589.0
2021-07-30 00:00:00+00:00,90771.0
2021-07-31 00:00:00+00:00,97835.0
2021-08-01 00:00:00+00:00,93817.0
2021-08-02 00:00:00+00:00,85137.0
2021-08-03 00:00:00+00:00,83540.0
2021-08-04 00:00:00+00:00,83877.0
2021-08-05 00:00:00+00:00,81465.0
2021-08-06 00:00:00+00:00,87208.0
2021-08-07 00:00:00+00:00,87639.0
2021-08-08 00:00:00+00:00,90680.0
2021-08-09 00:00:00+00:00,86536.0
2021-08-10 00:00:00+00:00,89889.0
2021-08-11 00:00:00+00:00,89864.0
2021-08-12 00:00:00+00:00,89401.0
2021-08-13 00:00:00+00:00,92952.0
2021-08-14 00:00:00+00:00,96846.0
2021-08-15 00:00:00+00:00,94586.0
2021-08-16 00:00:00+00:00,93410.0
2021-08-17 00:00:00+00:00,93079.0
2021-08-18 00:00:00+00:00,92355.0
2021-08-19 00:00:00+00:00,96814.0
2021-08-20 00:00:00+00:00,101197.0
2021-08-21 00:00:00+00:00,98742.0
2021-08-22 00:00:00+00:00,98679.0
2021-08-23 00:00:00+00:00,100810.0
2021-08-24 00:00:00+00:00,97792.0
2021-08-25 00:00:00+00:00,94420.0
2021-08-26 00:00:00+00:00,97620.0
2021-08-27 00:00:00+00:00,88926.0
2021-08-28 00:00:00+00:00,95968.0
2021-08-29 00:00:00+00:00,91348.0
2021-08-30 00:00:00+00:00,91310.0
2021-08-31 00:00:00+00:00,89615.0
2021-09-01 00:00:00+00:00,80193.0
2021-09-02 00:00:00+00:00,79553.0
2021-09-03 00:00:00+00:00,68614.0
2021-09-04 00:00:00+00:00,70975.0
2021-09-05 00:00:00+00:00,73660.0
2021-09-06 00:00:00+00:00,75052.0
2021-09-07 00:00:00+00:00,70847.0
2021-09-08 00:00:00+00:00,66106.0
2021-09-09 00:00:00+00:00,68873.0
2021-09-10 00:00:00+00:00,74581.0
2021-09-11 00:00:00+00:00,78829.0
2021-09-12 00:00:00+00:00,75046.0
2021-09-13 00:00:00+00:00,72851.0
2021-09-14 00:00:00+00:00,80131.0
2021-09-15 00:00:00+00:00,78475.0
2021-09-16 00:00:00+00:00,83152.0
2021-09-17 00:00:00+00:00,76081.0
2021-09-18 00:00:00+00:00,83000.0
2021-09-19 00:00:00+00:00,79911.0
2021-09-20 00:00:00+00:00,76205.0
2021-09-21 00:00:00+00:00,69400.0
2021-09-22 00:00:00+00:00,78607.0
2021-09-23 00:00:00+00:00,76624.0
2021-09-24 00:00:00+00:00,73484.0
2021-09-25 00:00:00+00:00,79379.0
2021-09-26 00:00:00+00:00,70528.0
2021-09-27 00:00:00+00:00,73110.0
2021-09-28 00:00:00+00:00,73638.0
2021-09-29 00:00:00+00:00,75404.0
2021-09-30 00:00:00+00:00,72381.0
2021-10-01 00:00:00+00:00,73230.0
2021-10-02 00:00:00+00:00,75842.0
2021-10-03 00:00:00+00:00,79700.0
2021-10-04 00:00:00+00:00,72411.0
2021-10-05 00:00:00+00:00,76942.0
2021-10-06 00:00:00+00:00,76265.0
2021-10-07 00:00:00+00:00,79523.0
2021-10-08 00:00:00+00:00,76085.0
2021-10-09 00:00:00+00:00,84190.0
2021-10-10 00:00:00+00:00,81397.0
2021-10-11 00:00:00+00:00,76616.0
2021-10-12 00:00:00+00:00,84467.0
2021-10-13 00:00:00+00:00,82261.0
2021-10-14 00:00:00+00:00,81497.0
2021-10-15 00:00:00+00:00,75963.0
2021-10-16 00:00:00+00:00,81188.0
2021-10-17 00:00:00+00:00,82280.0
2021-10-18 00:00:00+00:00,81755.0
2021-10-19 00:00:00+00:00,89353.0
2021-10-20 00:00:00+00:00,89018.0
2021-10-21 00:00:00+00:00,82963.0
2021-10-22 00:00:00+00:00,104233.0
2021-10-23 00:00:00+00:00,107962.0
2021-10-24 00:00:00+00:00,104828.0
2021-10-25 00:00:00+00:00,101098.0
2021-10-26 00:00:00+00:00,109558.0
2021-10-27 00:00:00+00:00,96170.0
2021-10-28 00:00:00+00:00,109669.0
2021-10-29 00:00:00+00:00,115854.0
2021-10-30 00:00:00+00:00,129292.0
2021-10-31 00:00:00+00:00,118796.0
2021-11-01 00:00:00+00:00,108019.0
2021-11-02 00:00:00+00:00,111425.0
2021-11-03 00:00:00+00:00,110792.0
2021-11-04 00:00:00+00:00,107106.0
2021-11-05 00:00:00+00:00,104315.0
2021-11-06 00:00:00+00:00,107201.0
2021-11-07 00:00:00+00:00,113684.0
2021-11-08 00:00:00+00:00,102783.0
2021-11-09 00:00:00+00:00,99923.0
2021-11-10 00:00:00+00:00,100403.0
2021-11-11 00:00:00+00:00,100130.0
2021-11-12 00:00:00+00:00,110574.0
2021-11-13 00:00:00+00:00,114787.0
2021-11-14 00:00:00+00:00,114131.0
2021-11-15 00:00:00+00:00,96850.0
2021-11-16 00:00:00+00:00,94046.0
2021-11-17 00:00:00+00:00,93365.0
2021-11-18 00:00:00+00:00,99485.0
2021-11-19 00:00:00+00:00,96714.0
2021-11-20 00:00:00+00:00,96409.0
2021-11-21 00:00:00+00:00,96774.0
2021-11-22 00:00:00+00:00,84651.0
2021-11-23 00:00:00+00:00,91716.0
2021-11-24 00:00:00+00:00,101885.0
2021-11-25 00:00:00+00:00,103108.0
2021-11-26 00:00:00+00:00,93413.0
2021-11-27 00:00:00+00:00,90372.0
2021-11-28 00:00:00+00:00,81952.0
2021-11-29 00:00:00+00:00,87024.0
2021-11-30 00:00:00+00:00,89186.0
2021-12-01 00:00:00+00:00,78312.0
2021-12-02 00:00:00+00:00,86519.0
2021-12-03 00:00:00+00:00,82949.0
2021-12-04 00:00:00+00:00,78127.0
2021-12-05 00:00:00+00:00,76094.0
2021-12-06 00:00:00+00:00,78949.0
2021-12-07 00:00:00+00:00,82589.0
2021-12-08 00:00:00+00:00,92358.0
2021-12-09 00:00:00+00:00,83966.0
2021-12-10 00:00:00+00:00,87873.0
2021-12-11 00:00:00+00:00,84704.0
2021-12-12 00:00:00+00:00,83611.0
2021-12-13 00:00:00+00:00,78047.0
2021-12-14 00:00:00+00:00,80456.0
2021-12-15 00:00:00+00:00,82776.0
2021-12-16 00:00:00+00:00,80425.0
2021-12-17 00:00:00+00:00,81663.0
2021-12-18 00:00:00+00:00,84463.0
2021-12-19 00:00:00+00:00,85686.0
2021-12-20 00:00:00+00:00,83688.0
2021-12-21 00:00:00+00:00,83952.0
2021-12-22 00:00:00+00:00,83076.0
2021-12-23 00:00:00+00:00,79357.0
2021-12-24 00:00:00+00:00,92562.0
2021-12-25 00:00:00+00:00,115764.0
2021-12-26 00:00:00+00:00,107914.0
2021-12-27 00:00:00+00:00,91310.0
2021-12-28 00:00:00+00:00,82675.0
2021-12-29 00:00:00+00:00,91171.0
2021-12-30 00:00:00+00:00,84184.0
2021-12-31 00:00:00+00:00,95008.0
2022-01-01 00:00:00+00:00,83540.0
2022-01-02 00:00:00+00:00,82658.0
2022-01-03 00:00:00+00:00,82735.0
2022-01-04 00:00:00+00:00,81309.0
2022-01-05 00:00:00+00:00,79599.0
2022-01-06 00:00:00+00:00,78724.0
2022-01-07 00:00:00+00:00,72389.0
2022-01-08 00:00:00+00:00,75173.0
2022-01-09 00:00:00+00:00,60608.0
2022-01-10 00:00:00+00:00,57101.0
2022-01-11 00:00:00+00:00,77201.0
2022-01-12 00:00:00+00:00,76780.0
2022-01-13 00:00:00+00:00,77681.0
2022-01-14 00:00:00+00:00,68416.0
2022-01-15 00:00:00+00:00,77674.0
2022-01-16 00:00:00+00:00,72221.0
2022-01-17 00:00:00+00:00,74289.0
2022-01-18 00:00:00+00:00,73503.0
2022-01-19 00:00:00+00:00,72209.0
2022-01-20 00:00:00+00:00,72561.0
2022-01-21 00:00:00+00:00,72604.0
2022-01-22 00:00:00+00:00,68078.0
2022-01-23 00:00:00+00:00,62496.0
2022-01-24 00:00:00+00:00,63253.0
2022-01-25 00:00:00+00:00,63892.0
