__timestamp,Total Volume
2017-06-23 00:00:00+00:00,
2017-06-24 00:00:00+00:00,
2017-06-25 00:00:00+00:00,
2017-06-26 00:00:00+00:00,
2017-06-27 00:00:00+00:00,
2017-06-28 00:00:00+00:00,
2017-06-29 00:00:00+00:00,
2017-06-30 00:00:00+00:00,
2017-07-01 00:00:00+00:00,
2017-07-02 00:00:00+00:00,
2017-07-03 00:00:00+00:00,
2017-07-04 00:00:00+00:00,
2017-07-05 00:00:00+00:00,
2017-07-06 00:00:00+00:00,
2017-07-07 00:00:00+00:00,
2017-07-08 00:00:00+00:00,
2017-07-09 00:00:00+00:00,
2017-07-10 00:00:00+00:00,
2017-07-11 00:00:00+00:00,
2017-07-12 00:00:00+00:00,
2017-07-13 00:00:00+00:00,
2017-07-14 00:00:00+00:00,
2017-07-15 00:00:00+00:00,
2017-07-16 00:00:00+00:00,
2017-07-17 00:00:00+00:00,
2017-07-18 00:00:00+00:00,
2017-07-19 00:00:00+00:00,
2017-07-20 00:00:00+00:00,
2017-07-21 00:00:00+00:00,
2017-07-22 00:00:00+00:00,
2017-07-23 00:00:00+00:00,
2017-07-24 00:00:00+00:00,
2017-07-25 00:00:00+00:00,
2017-07-26 00:00:00+00:00,
2017-07-27 00:00:00+00:00,
2017-07-28 00:00:00+00:00,
2017-07-29 00:00:00+00:00,
2017-07-30 00:00:00+00:00,
2017-07-31 00:00:00+00:00,
2017-08-01 00:00:00+00:00,
2017-08-02 00:00:00+00:00,
2017-08-03 00:00:00+00:00,
2017-08-04 00:00:00+00:00,
2017-08-05 00:00:00+00:00,
2017-08-07 00:00:00+00:00,
2017-08-08 00:00:00+00:00,
2017-08-09 00:00:00+00:00,
2017-08-10 00:00:00+00:00,
2017-08-11 00:00:00+00:00,
2017-08-12 00:00:00+00:00,
2017-08-13 00:00:00+00:00,
2017-08-14 00:00:00+00:00,
2017-08-15 00:00:00+00:00,
2017-08-16 00:00:00+00:00,
2017-08-17 00:00:00+00:00,
2017-08-18 00:00:00+00:00,
2017-08-19 00:00:00+00:00,
2017-08-20 00:00:00+00:00,
2017-08-21 00:00:00+00:00,
2017-08-22 00:00:00+00:00,
2017-08-23 00:00:00+00:00,
2017-08-24 00:00:00+00:00,
2017-08-25 00:00:00+00:00,
2017-08-26 00:00:00+00:00,
2017-08-28 00:00:00+00:00,
2017-08-29 00:00:00+00:00,
2017-08-30 00:00:00+00:00,
2017-08-31 00:00:00+00:00,
2017-09-01 00:00:00+00:00,
2017-09-02 00:00:00+00:00,
2017-09-03 00:00:00+00:00,
2017-09-04 00:00:00+00:00,
2017-09-06 00:00:00+00:00,
2017-09-08 00:00:00+00:00,
2017-09-10 00:00:00+00:00,
2017-09-11 00:00:00+00:00,
2017-09-12 00:00:00+00:00,
2017-09-16 00:00:00+00:00,
2017-09-17 00:00:00+00:00,
2017-09-18 00:00:00+00:00,
2017-09-19 00:00:00+00:00,
2017-09-20 00:00:00+00:00,
2017-09-21 00:00:00+00:00,
2017-09-22 00:00:00+00:00,
2017-09-23 00:00:00+00:00,
2017-09-24 00:00:00+00:00,
2017-09-25 00:00:00+00:00,
2017-09-26 00:00:00+00:00,
2017-09-27 00:00:00+00:00,
2017-09-28 00:00:00+00:00,
2017-09-29 00:00:00+00:00,
2017-09-30 00:00:00+00:00,
2017-10-01 00:00:00+00:00,
2017-10-02 00:00:00+00:00,
2017-10-03 00:00:00+00:00,
2017-10-04 00:00:00+00:00,
2017-10-05 00:00:00+00:00,
2017-10-08 00:00:00+00:00,
2017-10-09 00:00:00+00:00,
2017-10-11 00:00:00+00:00,
2017-10-12 00:00:00+00:00,
2017-10-13 00:00:00+00:00,
2017-10-14 00:00:00+00:00,
2017-10-15 00:00:00+00:00,
2017-10-16 00:00:00+00:00,
2017-10-19 00:00:00+00:00,
2017-10-20 00:00:00+00:00,
2017-10-21 00:00:00+00:00,
2017-10-25 00:00:00+00:00,
2017-10-26 00:00:00+00:00,
2017-10-27 00:00:00+00:00,
2017-10-28 00:00:00+00:00,
2017-10-29 00:00:00+00:00,
2017-10-30 00:00:00+00:00,
2017-10-31 00:00:00+00:00,
2017-11-01 00:00:00+00:00,
2017-11-02 00:00:00+00:00,
2017-11-04 00:00:00+00:00,
2017-11-07 00:00:00+00:00,
2017-11-09 00:00:00+00:00,
2017-11-12 00:00:00+00:00,
2017-11-13 00:00:00+00:00,
2017-11-14 00:00:00+00:00,
2017-11-15 00:00:00+00:00,
2017-11-19 00:00:00+00:00,
2017-11-20 00:00:00+00:00,
2017-11-21 00:00:00+00:00,
2017-11-22 00:00:00+00:00,
2017-11-23 00:00:00+00:00,
2017-11-24 00:00:00+00:00,
2017-11-25 00:00:00+00:00,
2017-11-26 00:00:00+00:00,
2017-11-27 00:00:00+00:00,
2017-11-28 00:00:00+00:00,
2017-11-29 00:00:00+00:00,
2017-11-30 00:00:00+00:00,
2017-12-01 00:00:00+00:00,
2017-12-02 00:00:00+00:00,
2017-12-03 00:00:00+00:00,
2017-12-04 00:00:00+00:00,
2017-12-05 00:00:00+00:00,
2017-12-06 00:00:00+00:00,
2017-12-07 00:00:00+00:00,
2017-12-08 00:00:00+00:00,
2017-12-09 00:00:00+00:00,
2017-12-10 00:00:00+00:00,
2017-12-11 00:00:00+00:00,
2017-12-12 00:00:00+00:00,
2017-12-13 00:00:00+00:00,
2017-12-14 00:00:00+00:00,
2017-12-15 00:00:00+00:00,
2017-12-16 00:00:00+00:00,
2017-12-17 00:00:00+00:00,
2017-12-18 00:00:00+00:00,
2017-12-19 00:00:00+00:00,
2017-12-20 00:00:00+00:00,
2017-12-21 00:00:00+00:00,
2017-12-22 00:00:00+00:00,
2017-12-23 00:00:00+00:00,
2017-12-24 00:00:00+00:00,
2017-12-25 00:00:00+00:00,
2017-12-26 00:00:00+00:00,
2017-12-27 00:00:00+00:00,
2017-12-28 00:00:00+00:00,
2017-12-29 00:00:00+00:00,
2017-12-30 00:00:00+00:00,
2017-12-31 00:00:00+00:00,
2018-01-01 00:00:00+00:00,
2018-01-02 00:00:00+00:00,
2018-01-03 00:00:00+00:00,
2018-01-04 00:00:00+00:00,
2018-01-05 00:00:00+00:00,
2018-01-06 00:00:00+00:00,
2018-01-07 00:00:00+00:00,
2018-01-08 00:00:00+00:00,
2018-01-09 00:00:00+00:00,
2018-01-10 00:00:00+00:00,
2018-01-11 00:00:00+00:00,
2018-01-12 00:00:00+00:00,
2018-01-13 00:00:00+00:00,
2018-01-14 00:00:00+00:00,
2018-01-15 00:00:00+00:00,
2018-01-16 00:00:00+00:00,
2018-01-17 00:00:00+00:00,
2018-01-18 00:00:00+00:00,
2018-01-19 00:00:00+00:00,
2018-01-20 00:00:00+00:00,
2018-01-21 00:00:00+00:00,
2018-01-22 00:00:00+00:00,
2018-01-23 00:00:00+00:00,
2018-01-24 00:00:00+00:00,
2018-01-25 00:00:00+00:00,
2018-01-26 00:00:00+00:00,
2018-01-27 00:00:00+00:00,
2018-01-28 00:00:00+00:00,
2018-01-29 00:00:00+00:00,
2018-01-30 00:00:00+00:00,
2018-01-31 00:00:00+00:00,
2018-02-01 00:00:00+00:00,
2018-02-02 00:00:00+00:00,
2018-02-03 00:00:00+00:00,
2018-02-04 00:00:00+00:00,
2018-02-05 00:00:00+00:00,
2018-02-06 00:00:00+00:00,
2018-02-07 00:00:00+00:00,
2018-02-08 00:00:00+00:00,
2018-02-09 00:00:00+00:00,
2018-02-10 00:00:00+00:00,
2018-02-11 00:00:00+00:00,
2018-02-12 00:00:00+00:00,
2018-02-13 00:00:00+00:00,1642962.92002675
2018-02-14 00:00:00+00:00,29382646.6800797
2018-02-15 00:00:00+00:00,8342301.24256878
2018-02-16 00:00:00+00:00,1712804.90580112
2018-02-17 00:00:00+00:00,556074.224565388
2018-02-18 00:00:00+00:00,1986220.05635394
2018-02-19 00:00:00+00:00,599156.751642169
2018-02-20 00:00:00+00:00,768662.164290109
2018-02-21 00:00:00+00:00,341939.472589491
2018-02-22 00:00:00+00:00,212681.17480297
2018-02-23 00:00:00+00:00,176161.18789125
2018-02-24 00:00:00+00:00,209013.630222077
2018-02-25 00:00:00+00:00,257062.245243212
2018-02-26 00:00:00+00:00,115695.480553307
2018-02-27 00:00:00+00:00,133744.531671313
2018-02-28 00:00:00+00:00,121614.683882064
2018-03-01 00:00:00+00:00,84075.377656657
2018-03-02 00:00:00+00:00,64015.3426887319
2018-03-03 00:00:00+00:00,58647.724784089
2018-03-04 00:00:00+00:00,642151.969623345
2018-03-05 00:00:00+00:00,108824.758479727
2018-03-06 00:00:00+00:00,94462.3756914908
2018-03-07 00:00:00+00:00,152656.039079562
2018-03-08 00:00:00+00:00,62172.8879002296
2018-03-09 00:00:00+00:00,66417.6232168329
2018-03-10 00:00:00+00:00,53704.8783150031
2018-03-11 00:00:00+00:00,52631.3670259526
2018-03-12 00:00:00+00:00,54537.0887194193
2018-03-13 00:00:00+00:00,50753.2692591498
2018-03-14 00:00:00+00:00,39789.7497698258
2018-03-15 00:00:00+00:00,27977.8537857479
2018-03-16 00:00:00+00:00,32446.4970077415
2018-03-17 00:00:00+00:00,36905.9644412313
2018-03-18 00:00:00+00:00,28448.292381887
2018-03-19 00:00:00+00:00,21234.9693786406
2018-03-20 00:00:00+00:00,33688.0798091396
2018-03-21 00:00:00+00:00,36998.4867726509
2018-03-22 00:00:00+00:00,36388.0382863481
2018-03-23 00:00:00+00:00,30075.354663657
2018-03-24 00:00:00+00:00,29431.6210313422
2018-03-25 00:00:00+00:00,35852.9787979892
2018-03-26 00:00:00+00:00,34789.6468756966
2018-03-27 00:00:00+00:00,50874.4221189372
2018-03-28 00:00:00+00:00,31706.0381208068
2018-03-29 00:00:00+00:00,28325.0994520098
2018-03-30 00:00:00+00:00,32284.2428375394
2018-03-31 00:00:00+00:00,30127.2070753886
2018-04-01 00:00:00+00:00,24275.0712397464
2018-04-02 00:00:00+00:00,24918.6477402711
2018-04-03 00:00:00+00:00,28741.3978745954
2018-04-04 00:00:00+00:00,25226.5090276902
2018-04-05 00:00:00+00:00,29977.4931572206
2018-04-06 00:00:00+00:00,39591.8189440635
2018-04-07 00:00:00+00:00,19960.4032307173
2018-04-08 00:00:00+00:00,28225.2288094777
2018-04-09 00:00:00+00:00,23390.1667794538
2018-04-10 00:00:00+00:00,28857.7915153372
2018-04-11 00:00:00+00:00,34834.4699718563
2018-04-12 00:00:00+00:00,28189.2648930016
2018-04-13 00:00:00+00:00,46350.1037456264
2018-04-14 00:00:00+00:00,36944.5853594874
2018-04-15 00:00:00+00:00,26845.3720103541
2018-04-16 00:00:00+00:00,37345.7280492105
2018-04-17 00:00:00+00:00,44147.2773900574
2018-04-18 00:00:00+00:00,26582.6464551297
2018-04-19 00:00:00+00:00,34500.2692017472
2018-04-20 00:00:00+00:00,30435.3774227432
2018-04-21 00:00:00+00:00,23941.6099618157
2018-04-22 00:00:00+00:00,19752.5242571397
2018-04-23 00:00:00+00:00,27021.2166689149
2018-04-24 00:00:00+00:00,33185.2399252627
2018-04-25 00:00:00+00:00,46412.5677978335
2018-04-26 00:00:00+00:00,34366.0324384393
2018-04-27 00:00:00+00:00,33526.0242592711
2018-04-28 00:00:00+00:00,27679.3466491351
2018-04-29 00:00:00+00:00,22960.4907159265
2018-04-30 00:00:00+00:00,27348.7400864381
2018-05-01 00:00:00+00:00,24175.4607354147
2018-05-02 00:00:00+00:00,28477.1072043283
2018-05-03 00:00:00+00:00,24163.8887991032
2018-05-04 00:00:00+00:00,35315.941968044
2018-05-05 00:00:00+00:00,41551.9815767217
2018-05-06 00:00:00+00:00,34419.2677995224
2018-05-07 00:00:00+00:00,33594.7032123803
2018-05-08 00:00:00+00:00,31531.0238357985
2018-05-09 00:00:00+00:00,26998.1008901187
2018-05-10 00:00:00+00:00,25521.6511569211
2018-05-11 00:00:00+00:00,58842.0839865108
2018-05-12 00:00:00+00:00,21477.0435357436
2018-05-13 00:00:00+00:00,18532.7368733075
2018-05-14 00:00:00+00:00,20260.9118178423
2018-05-15 00:00:00+00:00,19361.0420355269
2018-05-16 00:00:00+00:00,31541.34223709
2018-05-17 00:00:00+00:00,21076.2264352404
2018-05-18 00:00:00+00:00,35834.4389811065
2018-05-19 00:00:00+00:00,19487.7945807314
2018-05-20 00:00:00+00:00,23507.2517693804
2018-05-21 00:00:00+00:00,20421.7683923646
2018-05-22 00:00:00+00:00,22346.6708901769
2018-05-23 00:00:00+00:00,15372.5249390906
2018-05-24 00:00:00+00:00,21611.3477449691
2018-05-25 00:00:00+00:00,24165.9502236935
2018-05-26 00:00:00+00:00,20489.6352381103
2018-05-27 00:00:00+00:00,20318.7339350513
2018-05-28 00:00:00+00:00,19652.4057030613
2018-05-29 00:00:00+00:00,29918.6441980526
2018-05-30 00:00:00+00:00,22775.6438563754
2018-05-31 00:00:00+00:00,24397.3103634765
2018-06-01 00:00:00+00:00,21032.5336050479
2018-06-02 00:00:00+00:00,21224.3248346631
2018-06-03 00:00:00+00:00,66352.3480796111
2018-06-04 00:00:00+00:00,27936.4092064692
2018-06-05 00:00:00+00:00,16544.1873684526
2018-06-06 00:00:00+00:00,18358.6590373492
2018-06-07 00:00:00+00:00,26937.3418004824
2018-06-08 00:00:00+00:00,41923.9709881147
2018-06-09 00:00:00+00:00,20809.8439108502
2018-06-10 00:00:00+00:00,15130.0375382116
2018-06-11 00:00:00+00:00,14411.4449400297
2018-06-12 00:00:00+00:00,17079.736489503
2018-06-13 00:00:00+00:00,28905.2215331132
2018-06-14 00:00:00+00:00,10878.4401262628
2018-06-15 00:00:00+00:00,13725.2132482023
2018-06-16 00:00:00+00:00,13080.4647826935
2018-06-17 00:00:00+00:00,18229.9551792611
2018-06-18 00:00:00+00:00,20076.9226612333
2018-06-19 00:00:00+00:00,18413.0729076198
2018-06-20 00:00:00+00:00,18115.2876172905
2018-06-21 00:00:00+00:00,17975.6616081031
2018-06-22 00:00:00+00:00,24184.8224418491
2018-06-23 00:00:00+00:00,12944.7034975521
2018-06-24 00:00:00+00:00,15676.4161314711
2018-06-25 00:00:00+00:00,20004.3964201249
2018-06-26 00:00:00+00:00,21418.9484238359
2018-06-27 00:00:00+00:00,12493.83879143
2018-06-28 00:00:00+00:00,8811.2279760573
2018-06-29 00:00:00+00:00,13183.2549210655
2018-06-30 00:00:00+00:00,10385.1113189394
2018-07-01 00:00:00+00:00,10370.6556769749
2018-07-02 00:00:00+00:00,4321.22192139911
2018-07-03 00:00:00+00:00,10449.6182800903
2018-07-04 00:00:00+00:00,12789.6234040353
2018-07-05 00:00:00+00:00,13468.7557427009
2018-07-06 00:00:00+00:00,9510.96164296322
2018-07-07 00:00:00+00:00,5902.52487784793
2018-07-08 00:00:00+00:00,7951.27289426001
2018-07-09 00:00:00+00:00,12111.7861387621
2018-07-10 00:00:00+00:00,11274.5631506992
2018-07-11 00:00:00+00:00,11871.7091322467
2018-07-12 00:00:00+00:00,14574.3066763559
2018-07-13 00:00:00+00:00,13027.7491526916
2018-07-14 00:00:00+00:00,8938.01050208995
2018-07-15 00:00:00+00:00,13794.7050503189
2018-07-16 00:00:00+00:00,13562.4209842227
2018-07-17 00:00:00+00:00,15395.4581565039
2018-07-18 00:00:00+00:00,19191.8303825035
2018-07-19 00:00:00+00:00,12223.0851149272
2018-07-20 00:00:00+00:00,16374.4178170014
2018-07-21 00:00:00+00:00,16734.362303821
2018-07-22 00:00:00+00:00,10570.2863409973
2018-07-23 00:00:00+00:00,11710.4146862651
2018-07-24 00:00:00+00:00,16741.669221297
2018-07-25 00:00:00+00:00,14957.091419406
2018-07-26 00:00:00+00:00,14563.3098288274
2018-07-27 00:00:00+00:00,17854.4810408667
2018-07-28 00:00:00+00:00,21601.312827433
2018-07-29 00:00:00+00:00,19305.3927016693
2018-07-30 00:00:00+00:00,14177.6699276754
2018-07-31 00:00:00+00:00,12742.0356006736
2018-08-01 00:00:00+00:00,16536.2513077155
2018-08-02 00:00:00+00:00,30250.9453126821
2018-08-03 00:00:00+00:00,33305.4227506365
2018-08-04 00:00:00+00:00,48163.575220847
2018-08-05 00:00:00+00:00,51045.8356793296
2018-08-06 00:00:00+00:00,33666.230354478
2018-08-07 00:00:00+00:00,28715.7298735291
2018-08-08 00:00:00+00:00,
2018-08-09 00:00:00+00:00,
2018-08-10 00:00:00+00:00,
2018-08-11 00:00:00+00:00,
2018-08-12 00:00:00+00:00,23727.3700122364
2018-08-13 00:00:00+00:00,36296.2959514789
2018-08-14 00:00:00+00:00,93661.3891334311
2018-08-15 00:00:00+00:00,76415.6187918548
2018-08-16 00:00:00+00:00,57049.8605354795
2018-08-17 00:00:00+00:00,51342.6572778902
2018-08-18 00:00:00+00:00,76947.3146233505
2018-08-19 00:00:00+00:00,76150.2536433448
2018-08-20 00:00:00+00:00,47408.5095983708
2018-08-21 00:00:00+00:00,57487.4217632832
2018-08-22 00:00:00+00:00,48180.4202873928
2018-08-23 00:00:00+00:00,89422.7497588356
2018-08-24 00:00:00+00:00,74207.9358799513
2018-08-25 00:00:00+00:00,131887.957428032
2018-08-26 00:00:00+00:00,39467.2704158723
2018-08-27 00:00:00+00:00,41079.827937196
2018-08-28 00:00:00+00:00,56415.2436780494
2018-08-29 00:00:00+00:00,49372.67353344
2018-08-30 00:00:00+00:00,43214.2894408759
2018-08-31 00:00:00+00:00,36126.2415966776
2018-09-01 00:00:00+00:00,138764.406252579
2018-09-02 00:00:00+00:00,177837.39893984
2018-09-03 00:00:00+00:00,105626.585525568
2018-09-04 00:00:00+00:00,534683.45423703
2018-09-05 00:00:00+00:00,154216.37882935
2018-09-06 00:00:00+00:00,76590.452671985
2018-09-07 00:00:00+00:00,145361.292309423
2018-09-08 00:00:00+00:00,259845.280798561
2018-09-09 00:00:00+00:00,205816.76420362
2018-09-10 00:00:00+00:00,86654.3093014518
2018-09-11 00:00:00+00:00,147166.324980059
2018-09-12 00:00:00+00:00,185379.423620226
2018-09-13 00:00:00+00:00,86292.3169513002
2018-09-14 00:00:00+00:00,53668.0568076239
2018-09-15 00:00:00+00:00,42918.4611197607
2018-09-16 00:00:00+00:00,47120.9309215713
2018-09-17 00:00:00+00:00,32808.0836194114
2018-09-18 00:00:00+00:00,38179.6648392661
2018-09-19 00:00:00+00:00,29378.7127374226
2018-09-20 00:00:00+00:00,34404.7160492379
2018-09-21 00:00:00+00:00,43738.5456630403
2018-09-22 00:00:00+00:00,18450.1183604687
2018-09-23 00:00:00+00:00,38028.6117926054
2018-09-24 00:00:00+00:00,19897.9838174172
2018-09-25 00:00:00+00:00,33037.1309338748
2018-09-26 00:00:00+00:00,41122.7219585478
2018-09-27 00:00:00+00:00,31576.8524124566
2018-09-28 00:00:00+00:00,30730.8457108189
2018-09-29 00:00:00+00:00,45994.0899718676
2018-09-30 00:00:00+00:00,27294.6156309051
2018-10-01 00:00:00+00:00,25551.9662240216
2018-10-02 00:00:00+00:00,38902.6752942523
2018-10-03 00:00:00+00:00,25021.6123913607
2018-10-04 00:00:00+00:00,30406.8261496593
2018-10-05 00:00:00+00:00,33944.0980373681
2018-10-06 00:00:00+00:00,38610.7759087094
2018-10-07 00:00:00+00:00,30048.035028634
2018-10-08 00:00:00+00:00,17609.9770712967
2018-10-09 00:00:00+00:00,19244.8550779039
2018-10-10 00:00:00+00:00,16877.221691669
2018-10-11 00:00:00+00:00,20998.6490451917
2018-10-12 00:00:00+00:00,31501.4558601975
2018-10-13 00:00:00+00:00,17026.6133950235
2018-10-14 00:00:00+00:00,15463.7221091724
2018-10-15 00:00:00+00:00,32318.3129171524
2018-10-16 00:00:00+00:00,16873.9331998525
2018-10-17 00:00:00+00:00,19315.9014759659
2018-10-18 00:00:00+00:00,29728.1311314302
2018-10-19 00:00:00+00:00,21828.1204179607
2018-10-20 00:00:00+00:00,16655.4827124807
2018-10-21 00:00:00+00:00,14728.1867190466
2018-10-22 00:00:00+00:00,17149.4345354562
2018-10-23 00:00:00+00:00,16958.6143503294
2018-10-24 00:00:00+00:00,14240.5355293189
2018-10-25 00:00:00+00:00,113873.020074638
2018-10-26 00:00:00+00:00,20382.4732143455
2018-10-27 00:00:00+00:00,17845.0543424032
2018-10-28 00:00:00+00:00,14949.7452217502
2018-10-29 00:00:00+00:00,22553.1733218917
2018-10-30 00:00:00+00:00,22366.0718764337
2018-10-31 00:00:00+00:00,21837.9320171873
2018-11-01 00:00:00+00:00,37145.2965521865
2018-11-02 00:00:00+00:00,16098.7972703022
2018-11-03 00:00:00+00:00,19719.9198963666
2018-11-04 00:00:00+00:00,21711.0539611348
2018-11-05 00:00:00+00:00,25889.2334413391
2018-11-06 00:00:00+00:00,29763.7452299256
2018-11-07 00:00:00+00:00,26113.7751271096
2018-11-08 00:00:00+00:00,22138.9205006872
2018-11-09 00:00:00+00:00,24167.5284522112
2018-11-10 00:00:00+00:00,21861.2524494907
2018-11-11 00:00:00+00:00,19529.8358326425
2018-11-12 00:00:00+00:00,30206.9431843882
2018-11-13 00:00:00+00:00,32204.189346982
2018-11-14 00:00:00+00:00,35789.0265322227
2018-11-15 00:00:00+00:00,30918.6486003285
2018-11-16 00:00:00+00:00,31114.191795514
2018-11-17 00:00:00+00:00,16297.3321807457
2018-11-18 00:00:00+00:00,24025.3913204778
2018-11-19 00:00:00+00:00,19121.0304823305
2018-11-20 00:00:00+00:00,22258.272051234
2018-11-21 00:00:00+00:00,20050.7317013097
2018-11-22 00:00:00+00:00,23368.9540444634
2018-11-23 00:00:00+00:00,18280.8047598932
2018-11-24 00:00:00+00:00,17922.8071552606
2018-11-25 00:00:00+00:00,22331.4899843966
2018-11-26 00:00:00+00:00,21753.5476818763
2018-11-27 00:00:00+00:00,25387.925780626
2018-11-28 00:00:00+00:00,19774.668990039
2018-11-29 00:00:00+00:00,20751.6329774829
2018-11-30 00:00:00+00:00,28921.5741618777
2018-12-01 00:00:00+00:00,26908.9808234967
2018-12-02 00:00:00+00:00,12321.7038463026
2018-12-03 00:00:00+00:00,10076.6028790515
2018-12-04 00:00:00+00:00,11420.104669455
2018-12-05 00:00:00+00:00,15807.2049993427
2018-12-06 00:00:00+00:00,11429.1152728253
2018-12-07 00:00:00+00:00,11973.3924685966
2018-12-08 00:00:00+00:00,12314.6185875822
2018-12-09 00:00:00+00:00,7004.95676017042
2018-12-10 00:00:00+00:00,6708.99033046038
2018-12-11 00:00:00+00:00,6687.83894761459
2018-12-12 00:00:00+00:00,9337.94559562928
2018-12-13 00:00:00+00:00,11289.1299101407
2018-12-14 00:00:00+00:00,9069.40219968065
2018-12-15 00:00:00+00:00,7208.87496883118
2018-12-16 00:00:00+00:00,9896.69035768128
2018-12-17 00:00:00+00:00,8842.56309161366
2018-12-18 00:00:00+00:00,8553.18885807994
2018-12-19 00:00:00+00:00,11516.7298828975
2018-12-20 00:00:00+00:00,12475.0235708856
2018-12-21 00:00:00+00:00,15298.3722264619
2018-12-22 00:00:00+00:00,17172.6878432835
2018-12-23 00:00:00+00:00,19398.997553176
2018-12-24 00:00:00+00:00,13573.8488217052
2018-12-25 00:00:00+00:00,10677.1296154425
2018-12-26 00:00:00+00:00,13614.0803775869
2018-12-27 00:00:00+00:00,12408.0578147045
2018-12-28 00:00:00+00:00,17590.2998382499
2018-12-29 00:00:00+00:00,
2018-12-30 00:00:00+00:00,
2018-12-31 00:00:00+00:00,
2019-01-01 00:00:00+00:00,
2019-01-02 00:00:00+00:00,
2019-01-03 00:00:00+00:00,
2019-01-04 00:00:00+00:00,13370.2161248089
2019-01-05 00:00:00+00:00,14018.3005465486
2019-01-06 00:00:00+00:00,12633.5195054337
2019-01-07 00:00:00+00:00,14394.204704338
2019-01-08 00:00:00+00:00,17274.6233425327
2019-01-09 00:00:00+00:00,12632.9379947604
2019-01-10 00:00:00+00:00,18898.8951005787
2019-01-11 00:00:00+00:00,16891.9965013281
2019-01-12 00:00:00+00:00,22128.0427492161
2019-01-13 00:00:00+00:00,19104.2216512358
2019-01-14 00:00:00+00:00,11716.7978052363
2019-01-15 00:00:00+00:00,15508.0003518987
2019-01-16 00:00:00+00:00,18215.0417581194
2019-01-17 00:00:00+00:00,30933.5122558591
2019-01-18 00:00:00+00:00,18018.4393523896
2019-01-19 00:00:00+00:00,25255.0501004283
2019-01-20 00:00:00+00:00,20773.534258098
2019-01-21 00:00:00+00:00,15127.5120504318
2019-01-22 00:00:00+00:00,19066.3587893065
2019-01-23 00:00:00+00:00,16305.6252292471
2019-01-24 00:00:00+00:00,18722.715261605
2019-01-25 00:00:00+00:00,19471.974534269
2019-01-26 00:00:00+00:00,21468.8290274179
2019-01-27 00:00:00+00:00,25876.2815204065
2019-01-28 00:00:00+00:00,19864.2937748994
2019-01-29 00:00:00+00:00,18203.1008874852
2019-01-30 00:00:00+00:00,25095.1360030997
2019-01-31 00:00:00+00:00,16692.2654849641
2019-02-01 00:00:00+00:00,23591.6610238458
2019-02-02 00:00:00+00:00,16947.1992509361
2019-02-03 00:00:00+00:00,25279.6138648992
2019-02-04 00:00:00+00:00,10626.4775707291
2019-02-05 00:00:00+00:00,21304.7200280984
2019-02-06 00:00:00+00:00,22033.0386557437
2019-02-07 00:00:00+00:00,16756.2602630396
2019-02-08 00:00:00+00:00,16967.4365799251
2019-02-09 00:00:00+00:00,17931.5964337761
2019-02-10 00:00:00+00:00,17980.5563734876
2019-02-11 00:00:00+00:00,14555.4869355272
2019-02-12 00:00:00+00:00,16876.1677927498
2019-02-13 00:00:00+00:00,16320.7875401464
2019-02-14 00:00:00+00:00,15438.3541024306
2019-02-15 00:00:00+00:00,12654.7733053504
2019-02-16 00:00:00+00:00,16202.4449487982
2019-02-17 00:00:00+00:00,35245.0707382397
2019-02-18 00:00:00+00:00,22769.1065892697
2019-02-19 00:00:00+00:00,20293.3868690933
2019-02-20 00:00:00+00:00,32580.3142444071
2019-02-21 00:00:00+00:00,30397.5282744117
2019-02-22 00:00:00+00:00,21858.371974177
2019-02-23 00:00:00+00:00,21872.6919648352
2019-02-24 00:00:00+00:00,20482.1144361089
2019-02-25 00:00:00+00:00,16390.1534485472
2019-02-26 00:00:00+00:00,32074.9285114939
2019-02-27 00:00:00+00:00,21168.7891128572
2019-02-28 00:00:00+00:00,10836.3448592299
2019-03-01 00:00:00+00:00,28322.7583980127
2019-03-02 00:00:00+00:00,45312.7550020151
2019-03-03 00:00:00+00:00,29606.8500603236
2019-03-04 00:00:00+00:00,35928.206230281
2019-03-05 00:00:00+00:00,35083.7092857054
2019-03-06 00:00:00+00:00,41877.2824070852
2019-03-07 00:00:00+00:00,50157.4615059001
2019-03-08 00:00:00+00:00,43254.0354332863
2019-03-09 00:00:00+00:00,46608.4088304795
2019-03-10 00:00:00+00:00,36663.1762323634
2019-03-11 00:00:00+00:00,28946.8353247405
2019-03-12 00:00:00+00:00,30260.5198128835
2019-03-13 00:00:00+00:00,28006.4715072682
2019-03-14 00:00:00+00:00,21752.8950474778
2019-03-15 00:00:00+00:00,32652.052231023
2019-03-16 00:00:00+00:00,40571.5318402543
2019-03-17 00:00:00+00:00,33305.7715334532
2019-03-18 00:00:00+00:00,27779.9585135275
2019-03-19 00:00:00+00:00,33614.8418305409
2019-03-20 00:00:00+00:00,27004.5577916594
2019-03-21 00:00:00+00:00,40613.377964545
2019-03-22 00:00:00+00:00,47642.4236273
2019-03-23 00:00:00+00:00,72836.3177244752
2019-03-24 00:00:00+00:00,37164.6326084739
2019-03-25 00:00:00+00:00,25632.8089065612
2019-03-26 00:00:00+00:00,61378.3415237714
2019-03-27 00:00:00+00:00,31793.071284843
2019-03-28 00:00:00+00:00,29292.6765215805
2019-03-29 00:00:00+00:00,43522.4718026039
2019-03-30 00:00:00+00:00,54304.5545708162
2019-03-31 00:00:00+00:00,44035.1416059206
2019-04-01 00:00:00+00:00,44459.5970065139
2019-04-02 00:00:00+00:00,52992.8304557554
2019-04-03 00:00:00+00:00,35625.8762078397
2019-04-04 00:00:00+00:00,34264.5286627418
2019-04-05 00:00:00+00:00,43516.2927935969
2019-04-06 00:00:00+00:00,36215.0414159735
2019-04-07 00:00:00+00:00,43581.9609699951
2019-04-08 00:00:00+00:00,130721.987650695
2019-04-09 00:00:00+00:00,55212.6910357763
2019-04-10 00:00:00+00:00,107991.976321965
2019-04-11 00:00:00+00:00,64276.8786335554
2019-04-12 00:00:00+00:00,72737.7048607201
2019-04-13 00:00:00+00:00,32775.4213188365
2019-04-14 00:00:00+00:00,43463.8160705287
2019-04-15 00:00:00+00:00,450001.813912693
2019-04-16 00:00:00+00:00,56946.6344532299
2019-04-17 00:00:00+00:00,91908.1267680312
2019-04-18 00:00:00+00:00,81060.1945719614
2019-04-19 00:00:00+00:00,259754.233254145
2019-04-20 00:00:00+00:00,266623.956249494
2019-04-21 00:00:00+00:00,52525.5406854919
2019-04-22 00:00:00+00:00,32115.9154616899
2019-04-23 00:00:00+00:00,91044.0002884504
2019-04-24 00:00:00+00:00,79834.5548628198
2019-04-25 00:00:00+00:00,155655.869972149
2019-04-26 00:00:00+00:00,101934.617581149
2019-04-27 00:00:00+00:00,192118.303058653
2019-04-28 00:00:00+00:00,19500.3434190481
2019-04-29 00:00:00+00:00,22052.3837471904
2019-04-30 00:00:00+00:00,55538.888783609
2019-05-01 00:00:00+00:00,23495.0487587242
2019-05-02 00:00:00+00:00,41896.9486648474
2019-05-03 00:00:00+00:00,47016.5684975833
2019-05-04 00:00:00+00:00,35858.0143480748
2019-05-05 00:00:00+00:00,68398.6775189515
2019-05-06 00:00:00+00:00,190997.581056233
2019-05-07 00:00:00+00:00,48573.8866891979
2019-05-08 00:00:00+00:00,22506.7522771069
2019-05-09 00:00:00+00:00,33075.1514864628
2019-05-10 00:00:00+00:00,44788.388180724
2019-05-11 00:00:00+00:00,23944.8216532782
2019-05-12 00:00:00+00:00,29040.3762867198
2019-05-13 00:00:00+00:00,198888.903250999
2019-05-14 00:00:00+00:00,44835.2751565053
2019-05-15 00:00:00+00:00,39766.0395303536
2019-05-16 00:00:00+00:00,34329.8405008664
2019-05-17 00:00:00+00:00,91448.5055486479
2019-05-18 00:00:00+00:00,26765.8527662726
2019-05-19 00:00:00+00:00,27499.4762146765
2019-05-20 00:00:00+00:00,29018.8973751682
2019-05-21 00:00:00+00:00,87116.0263007659
2019-05-22 00:00:00+00:00,111869.465573484
2019-05-23 00:00:00+00:00,37685.8465436076
2019-05-24 00:00:00+00:00,34754.9569582623
2019-05-25 00:00:00+00:00,66162.2629778177
2019-05-26 00:00:00+00:00,230548.856292707
2019-05-27 00:00:00+00:00,224826.094424859
2019-05-28 00:00:00+00:00,39243.6779073072
2019-05-29 00:00:00+00:00,27773.8016301406
2019-05-30 00:00:00+00:00,60113.8026350308
2019-05-31 00:00:00+00:00,67906.0129578713
2019-06-01 00:00:00+00:00,20265.7122965984
2019-06-02 00:00:00+00:00,33944.0280152428
2019-06-03 00:00:00+00:00,43060.4715680761
2019-06-04 00:00:00+00:00,54431.0042425601
2019-06-05 00:00:00+00:00,23698.9205107307
2019-06-06 00:00:00+00:00,27242.3960598583
2019-06-07 00:00:00+00:00,28512.0433635875
2019-06-08 00:00:00+00:00,24863.5264434389
2019-06-09 00:00:00+00:00,31705.5340920016
2019-06-10 00:00:00+00:00,25605.0722226508
2019-06-11 00:00:00+00:00,28227.0049191483
2019-06-12 00:00:00+00:00,57813.9250413901
2019-06-13 00:00:00+00:00,63144.1958183176
2019-06-14 00:00:00+00:00,89305.1284547553
2019-06-15 00:00:00+00:00,42109.0428118808
2019-06-16 00:00:00+00:00,30743.2764035284
2019-06-17 00:00:00+00:00,23776.7726412377
2019-06-18 00:00:00+00:00,32561.6338184845
2019-06-19 00:00:00+00:00,51383.2338902156
2019-06-20 00:00:00+00:00,28921.6613270899
2019-06-21 00:00:00+00:00,31970.3705890889
2019-06-22 00:00:00+00:00,50598.8473288668
2019-06-23 00:00:00+00:00,46993.7779503447
2019-06-24 00:00:00+00:00,35649.2825953887
2019-06-25 00:00:00+00:00,33282.8999264991
2019-06-26 00:00:00+00:00,30489.5041791076
2019-06-27 00:00:00+00:00,24333.7653237019
2019-06-28 00:00:00+00:00,28633.174828594
2019-06-29 00:00:00+00:00,31510.3700064007
2019-06-30 00:00:00+00:00,30648.7808161248
2019-07-01 00:00:00+00:00,32935.7102565486
2019-07-02 00:00:00+00:00,467059.068416213
2019-07-03 00:00:00+00:00,81945.6219938058
2019-07-04 00:00:00+00:00,36634.396282395
2019-07-05 00:00:00+00:00,26443.9748304575
2019-07-06 00:00:00+00:00,18975.5614951141
2019-07-07 00:00:00+00:00,27017.7957248706
2019-07-08 00:00:00+00:00,35427.8755667326
2019-07-09 00:00:00+00:00,33185.7335735845
2019-07-10 00:00:00+00:00,97727.6725219031
2019-07-11 00:00:00+00:00,94530.0485553072
2019-07-12 00:00:00+00:00,527115.01018715
2019-07-13 00:00:00+00:00,43385.5992007869
2019-07-14 00:00:00+00:00,23436.1578483878
2019-07-15 00:00:00+00:00,43088.7974904761
2019-07-16 00:00:00+00:00,15441.3484822754
2019-07-17 00:00:00+00:00,53868.8953541042
2019-07-18 00:00:00+00:00,18336.2206564369
2019-07-19 00:00:00+00:00,19785.0252952613
2019-07-20 00:00:00+00:00,17661.5630505322
2019-07-21 00:00:00+00:00,23780.6047428935
2019-07-22 00:00:00+00:00,21227.9239990913
2019-07-23 00:00:00+00:00,33726.9612134468
2019-07-24 00:00:00+00:00,15817.0944109199
2019-07-25 00:00:00+00:00,12730.6278105489
2019-07-26 00:00:00+00:00,21495.7182260301
2019-07-27 00:00:00+00:00,21069.6140920018
2019-07-28 00:00:00+00:00,22362.800478014
2019-07-29 00:00:00+00:00,42481.8401941682
2019-07-30 00:00:00+00:00,21891.7790149193
2019-07-31 00:00:00+00:00,31013.4225984808
2019-08-01 00:00:00+00:00,18494.8307513117
2019-08-02 00:00:00+00:00,18376.9609033473
2019-08-03 00:00:00+00:00,25316.3694262577
2019-08-04 00:00:00+00:00,23716.1506499966
2019-08-05 00:00:00+00:00,21235.7312957155
2019-08-06 00:00:00+00:00,18311.4062215468
2019-08-07 00:00:00+00:00,22708.5381758477
2019-08-08 00:00:00+00:00,24394.3978347184
2019-08-09 00:00:00+00:00,15005.1957121265
2019-08-10 00:00:00+00:00,16522.3252323903
2019-08-11 00:00:00+00:00,17738.8838998417
2019-08-12 00:00:00+00:00,18247.5948235585
2019-08-13 00:00:00+00:00,30422.1115188859
2019-08-14 00:00:00+00:00,26579.815298574
2019-08-15 00:00:00+00:00,18332.4025491574
2019-08-16 00:00:00+00:00,30120.4187866889
2019-08-17 00:00:00+00:00,15735.0493110558
2019-08-18 00:00:00+00:00,17024.3341284457
2019-08-19 00:00:00+00:00,18478.4860238396
2019-08-20 00:00:00+00:00,14878.8080488185
2019-08-21 00:00:00+00:00,14584.2725215643
2019-08-22 00:00:00+00:00,14438.343671324
2019-08-23 00:00:00+00:00,14938.6626625347
2019-08-24 00:00:00+00:00,17010.6562596524
2019-08-25 00:00:00+00:00,24832.6329632535
2019-08-26 00:00:00+00:00,20021.0369287153
2019-08-27 00:00:00+00:00,17726.4168005611
2019-08-28 00:00:00+00:00,14668.6111357263
2019-08-29 00:00:00+00:00,24003.5289296748
2019-08-30 00:00:00+00:00,19053.1657892811
2019-08-31 00:00:00+00:00,25237.0323884724
2019-09-01 00:00:00+00:00,27103.393873349
2019-09-02 00:00:00+00:00,29010.2797117518
2019-09-03 00:00:00+00:00,20384.1708184705
2019-09-04 00:00:00+00:00,41136.7436386612
2019-09-05 00:00:00+00:00,17172.6867320197
2019-09-06 00:00:00+00:00,20876.7481690227
2019-09-07 00:00:00+00:00,18961.1145040174
2019-09-08 00:00:00+00:00,19699.7096386308
2019-09-09 00:00:00+00:00,60572.2584318288
2019-09-10 00:00:00+00:00,22505.7844302891
2019-09-11 00:00:00+00:00,25263.1891939784
2019-09-12 00:00:00+00:00,32505.3221541724
2019-09-13 00:00:00+00:00,58016.0884889494
2019-09-14 00:00:00+00:00,21077.6792581864
2019-09-15 00:00:00+00:00,19729.1492028768
2019-09-16 00:00:00+00:00,36185.0598452656
2019-09-17 00:00:00+00:00,26455.3599995318
2019-09-18 00:00:00+00:00,22957.4454647578
2019-09-19 00:00:00+00:00,66211.7185804611
2019-09-20 00:00:00+00:00,19384.6661679766
2019-09-21 00:00:00+00:00,27070.2334675742
2019-09-22 00:00:00+00:00,22090.5208766578
2019-09-23 00:00:00+00:00,26278.2758510709
2019-09-24 00:00:00+00:00,28706.7042135391
2019-09-25 00:00:00+00:00,23630.8158088198
2019-09-26 00:00:00+00:00,25403.8665021418
2019-09-27 00:00:00+00:00,15494.4224808257
2019-09-28 00:00:00+00:00,13541.1239015332
2019-09-29 00:00:00+00:00,23783.3854868042
2019-09-30 00:00:00+00:00,20295.6465943314
2019-10-01 00:00:00+00:00,23449.2968092411
2019-10-02 00:00:00+00:00,28501.6291390004
2019-10-03 00:00:00+00:00,18517.7833397457
2019-10-04 00:00:00+00:00,15477.1372360044
2019-10-05 00:00:00+00:00,13634.1474901652
2019-10-06 00:00:00+00:00,46270.2123390395
2019-10-07 00:00:00+00:00,37121.9229424075
2019-10-08 00:00:00+00:00,25781.7198178148
2019-10-09 00:00:00+00:00,15143.7327715446
2019-10-10 00:00:00+00:00,18782.7164949708
2019-10-11 00:00:00+00:00,17152.4120817814
2019-10-12 00:00:00+00:00,13309.2194005923
2019-10-13 00:00:00+00:00,33228.4424714356
2019-10-14 00:00:00+00:00,45634.5305125987
2019-10-15 00:00:00+00:00,50482.8820769742
2019-10-16 00:00:00+00:00,45284.9096391896
2019-10-17 00:00:00+00:00,30172.6676112166
2019-10-18 00:00:00+00:00,39192.4629074508
2019-10-19 00:00:00+00:00,26924.3191344307
2019-10-20 00:00:00+00:00,25246.7106012954
2019-10-21 00:00:00+00:00,37857.0396222945
2019-10-22 00:00:00+00:00,29445.0016013546
2019-10-23 00:00:00+00:00,22193.3950707031
2019-10-24 00:00:00+00:00,27489.6053572716
2019-10-25 00:00:00+00:00,23026.3473276971
2019-10-26 00:00:00+00:00,29610.0884475109
2019-10-27 00:00:00+00:00,28327.2881000394
2019-10-28 00:00:00+00:00,33162.3573877071
2019-10-29 00:00:00+00:00,27581.9103369901
2019-10-30 00:00:00+00:00,27823.5406237312
2019-10-31 00:00:00+00:00,41807.5910373667
2019-11-01 00:00:00+00:00,16597.7287861911
2019-11-02 00:00:00+00:00,42990.7853229833
2019-11-03 00:00:00+00:00,25793.8845702538
2019-11-04 00:00:00+00:00,34230.3512610113
2019-11-05 00:00:00+00:00,23499.5135506531
2019-11-06 00:00:00+00:00,24407.7467910768
2019-11-07 00:00:00+00:00,19501.8583836078
2019-11-08 00:00:00+00:00,20526.3173819535
2019-11-09 00:00:00+00:00,20500.524258346
2019-11-10 00:00:00+00:00,39194.3091367901
2019-11-11 00:00:00+00:00,21111.7580695538
2019-11-12 00:00:00+00:00,23195.7640203508
2019-11-13 00:00:00+00:00,26344.8120257689
2019-11-14 00:00:00+00:00,21825.6881742534
2019-11-15 00:00:00+00:00,13713.5101131617
2019-11-16 00:00:00+00:00,16758.5912344373
2019-11-18 00:00:00+00:00,25626.2848593952
2019-11-19 00:00:00+00:00,30715.7132281266
2019-11-20 00:00:00+00:00,34743.971260396
2019-11-21 00:00:00+00:00,24063.4395735882
2019-11-22 00:00:00+00:00,98526.985343774
2019-11-23 00:00:00+00:00,72944.6649782252
2019-11-24 00:00:00+00:00,56750.0408809001
2019-11-25 00:00:00+00:00,50767.7007740544
2019-11-26 00:00:00+00:00,35559.69646803
2019-11-27 00:00:00+00:00,50576.5464769575
2019-11-28 00:00:00+00:00,50121.5416371224
2019-11-29 00:00:00+00:00,61551.169742425
2019-11-30 00:00:00+00:00,61801.0759088677
2019-12-01 00:00:00+00:00,50905.0699400913
2019-12-02 00:00:00+00:00,45271.0429082454
2019-12-03 00:00:00+00:00,62399.2038365605
2019-12-04 00:00:00+00:00,49438.2389692216
2019-12-05 00:00:00+00:00,48600.5201615853
2019-12-06 00:00:00+00:00,34264.1624680155
2019-12-07 00:00:00+00:00,27462.0695931315
2019-12-08 00:00:00+00:00,47645.0785148219
2019-12-09 00:00:00+00:00,51249.4103161535
2019-12-10 00:00:00+00:00,65980.3924182589
2019-12-11 00:00:00+00:00,47726.6166299359
2019-12-12 00:00:00+00:00,32123.7960955994
2019-12-13 00:00:00+00:00,35368.0268468027
2019-12-14 00:00:00+00:00,40314.7974235756
2019-12-15 00:00:00+00:00,31631.5654428378
2019-12-16 00:00:00+00:00,42247.1442173288
2019-12-17 00:00:00+00:00,36237.9787898786
2019-12-18 00:00:00+00:00,180177.881872702
2019-12-19 00:00:00+00:00,82690.2217933554
2019-12-20 00:00:00+00:00,74907.8910008993
2019-12-21 00:00:00+00:00,51674.9520419269
2019-12-22 00:00:00+00:00,43722.0211735888
2019-12-23 00:00:00+00:00,58675.5810977659
2019-12-24 00:00:00+00:00,55205.4882542472
2019-12-25 00:00:00+00:00,49170.6334766216
2019-12-26 00:00:00+00:00,88063.1021081141
2019-12-27 00:00:00+00:00,65388.3899228605
2019-12-28 00:00:00+00:00,46794.5153504637
2019-12-29 00:00:00+00:00,58562.0794224298
2019-12-30 00:00:00+00:00,50244.9172514185
2019-12-31 00:00:00+00:00,19186.5405904673
2020-01-01 00:00:00+00:00,33872.518345216
2020-01-02 00:00:00+00:00,40671.6170143253
2020-01-03 00:00:00+00:00,55071.8124235956
2020-01-04 00:00:00+00:00,90243.5697448132
2020-01-05 00:00:00+00:00,54774.8145966096
2020-01-06 00:00:00+00:00,76233.6548709682
2020-01-07 00:00:00+00:00,75137.8791528586
2020-01-08 00:00:00+00:00,58144.559004812
2020-01-09 00:00:00+00:00,33432.3904293398
2020-01-10 00:00:00+00:00,46637.6922991026
2020-01-11 00:00:00+00:00,68353.767220709
2020-01-12 00:00:00+00:00,69828.7340991518
2020-01-13 00:00:00+00:00,49110.3111402313
2020-01-14 00:00:00+00:00,60882.2061306543
2020-01-15 00:00:00+00:00,37881.6907106942
2020-01-16 00:00:00+00:00,48125.1345336437
2020-01-17 00:00:00+00:00,110657.582097306
2020-01-18 00:00:00+00:00,34902.0774954374
2020-01-19 00:00:00+00:00,32128.6518667663
2020-01-20 00:00:00+00:00,35881.788706556
2020-01-21 00:00:00+00:00,50221.5305824086
2020-01-22 00:00:00+00:00,40826.2050435886
2020-01-23 00:00:00+00:00,136991.689399162
2020-01-24 00:00:00+00:00,45604.3332225248
2020-01-25 00:00:00+00:00,31106.8133515252
2020-01-26 00:00:00+00:00,41720.7160859546
2020-01-27 00:00:00+00:00,36420.7621099499
2020-01-28 00:00:00+00:00,60347.1147882609
2020-01-29 00:00:00+00:00,39549.4098669431
2020-01-30 00:00:00+00:00,26075.5611025905
2020-01-31 00:00:00+00:00,44475.4033821737
2020-02-01 00:00:00+00:00,21139.9694022523
2020-02-02 00:00:00+00:00,46038.0614172213
2020-02-03 00:00:00+00:00,43556.1570566398
2020-02-04 00:00:00+00:00,48859.5148494142
2020-02-05 00:00:00+00:00,99497.2235236759
2020-02-06 00:00:00+00:00,91312.8226416162
2020-02-07 00:00:00+00:00,173871.713131615
2020-02-08 00:00:00+00:00,43312.6541859971
2020-02-09 00:00:00+00:00,57559.9995849474
2020-02-10 00:00:00+00:00,41193.4710970095
2020-02-11 00:00:00+00:00,61977.532396616
2020-02-12 00:00:00+00:00,72042.1288689059
2020-02-13 00:00:00+00:00,58131.2891172111
2020-02-14 00:00:00+00:00,47466.110413198
2020-02-15 00:00:00+00:00,58163.6368652304
2020-02-16 00:00:00+00:00,61922.0558811259
2020-02-17 00:00:00+00:00,78687.2292810759
2020-02-18 00:00:00+00:00,175439.351873841
2020-02-19 00:00:00+00:00,51123.4988513941
2020-02-20 00:00:00+00:00,45082.524685338
2020-02-21 00:00:00+00:00,45304.748974819
2020-02-22 00:00:00+00:00,59563.6439590138
2020-02-23 00:00:00+00:00,46284.0717487931
2020-02-24 00:00:00+00:00,63954.3797795832
2020-02-25 00:00:00+00:00,95007.872230691
2020-02-26 00:00:00+00:00,53700.2356702302
2020-02-27 00:00:00+00:00,41655.9680112663
2020-02-28 00:00:00+00:00,61050.1507493852
2020-02-29 00:00:00+00:00,39641.7833194054
2020-03-01 00:00:00+00:00,38338.4319931055
2020-03-02 00:00:00+00:00,47219.9170733355
2020-03-03 00:00:00+00:00,85192.7884582767
2020-03-04 00:00:00+00:00,45136.8033667138
2020-03-05 00:00:00+00:00,38943.9898178165
2020-03-06 00:00:00+00:00,38967.3158918335
2020-03-07 00:00:00+00:00,41401.6450284713
2020-03-08 00:00:00+00:00,49241.5848475121
2020-03-09 00:00:00+00:00,41548.4718730207
2020-03-10 00:00:00+00:00,52483.4802190775
2020-03-11 00:00:00+00:00,49023.4037319755
2020-03-12 00:00:00+00:00,48816.6497056352
2020-03-13 00:00:00+00:00,97761.0544830589
2020-03-14 00:00:00+00:00,51850.6927253359
2020-03-15 00:00:00+00:00,37737.0639417977
2020-03-16 00:00:00+00:00,29500.9395734925
2020-03-17 00:00:00+00:00,42594.8413968952
2020-03-18 00:00:00+00:00,24781.3404420666
2020-03-19 00:00:00+00:00,23711.1347041707
2020-03-20 00:00:00+00:00,25445.8468619942
2020-03-21 00:00:00+00:00,42299.0058107996
2020-03-22 00:00:00+00:00,39554.6497332421
2020-03-23 00:00:00+00:00,36559.0964532065
2020-03-24 00:00:00+00:00,46978.5634337398
2020-03-25 00:00:00+00:00,30664.6986626447
2020-03-26 00:00:00+00:00,30058.0452541982
2020-03-27 00:00:00+00:00,29756.4229699807
2020-03-28 00:00:00+00:00,46203.2749439281
2020-03-29 00:00:00+00:00,33833.6973473756
2020-03-30 00:00:00+00:00,32754.4910896079
2020-03-31 00:00:00+00:00,45406.2049539258
2020-04-01 00:00:00+00:00,24052.6528803215
2020-04-02 00:00:00+00:00,28408.4649268915
2020-04-03 00:00:00+00:00,30786.1284273875
2020-04-04 00:00:00+00:00,54071.4116612036
2020-04-05 00:00:00+00:00,32385.6081934406
2020-04-06 00:00:00+00:00,25154.401970438
2020-04-07 00:00:00+00:00,54419.8566574553
2020-04-08 00:00:00+00:00,47429.7848462137
2020-04-09 00:00:00+00:00,40922.5667859955
2020-04-10 00:00:00+00:00,48801.7661304625
2020-04-11 00:00:00+00:00,26316.9464936457
2020-04-12 00:00:00+00:00,23861.5215318127
2020-04-13 00:00:00+00:00,45545.6027537785
2020-04-14 00:00:00+00:00,27462.5741695467
2020-04-15 00:00:00+00:00,25479.7247335385
2020-04-16 00:00:00+00:00,62295.9818065745
2020-04-17 00:00:00+00:00,41409.4067600994
2020-04-18 00:00:00+00:00,87711.3552019053
2020-04-19 00:00:00+00:00,25291.7786848953
2020-04-20 00:00:00+00:00,24849.1528337827
2020-04-21 00:00:00+00:00,78028.8081750067
2020-04-22 00:00:00+00:00,48498.3809940634
2020-04-23 00:00:00+00:00,83496.3694482085
2020-04-24 00:00:00+00:00,49229.8323035001
2020-04-25 00:00:00+00:00,53354.6428460178
2020-04-26 00:00:00+00:00,67323.8900583504
2020-04-27 00:00:00+00:00,41010.2201659687
2020-04-28 00:00:00+00:00,35872.9580335994
2020-04-29 00:00:00+00:00,44222.5189988474
2020-04-30 00:00:00+00:00,45293.7529079995
2020-05-01 00:00:00+00:00,78112.8668937308
2020-05-02 00:00:00+00:00,68802.6348452534
2020-05-03 00:00:00+00:00,43744.4237210798
2020-05-04 00:00:00+00:00,49214.0647377909
2020-05-05 00:00:00+00:00,37750.444187809
2020-05-06 00:00:00+00:00,30843.9130167919
2020-05-07 00:00:00+00:00,38016.8523494618
2020-05-08 00:00:00+00:00,74275.8583290682
2020-05-09 00:00:00+00:00,43951.5880689135
2020-05-10 00:00:00+00:00,34374.9429098412
2020-05-11 00:00:00+00:00,27333.191624168
2020-05-12 00:00:00+00:00,27675.794098834
2020-05-13 00:00:00+00:00,44243.7620270965
2020-05-14 00:00:00+00:00,48156.5939099051
2020-05-15 00:00:00+00:00,50367.6121760767
2020-05-16 00:00:00+00:00,57338.9922794268
2020-05-17 00:00:00+00:00,31475.98029893
2020-05-18 00:00:00+00:00,36736.299034922
2020-05-19 00:00:00+00:00,28287.9480916503
2020-05-20 00:00:00+00:00,80188.4234558917
2020-05-21 00:00:00+00:00,76854.7659054931
2020-05-22 00:00:00+00:00,78898.8248368079
2020-05-23 00:00:00+00:00,58919.7676037359
2020-05-24 00:00:00+00:00,170375.6767305
2020-05-25 00:00:00+00:00,30037.3850286038
2020-05-26 00:00:00+00:00,50416.0747740998
2020-05-27 00:00:00+00:00,59087.4664862868
2020-05-28 00:00:00+00:00,45042.9822129679
2020-05-29 00:00:00+00:00,32680.1871158586
2020-05-30 00:00:00+00:00,25574.273613653
2020-05-31 00:00:00+00:00,24640.5218648979
2020-06-01 00:00:00+00:00,46730.2744741351
2020-06-02 00:00:00+00:00,37477.8429278237
2020-06-03 00:00:00+00:00,55423.4346043064
2020-06-04 00:00:00+00:00,47571.4356656895
2020-06-05 00:00:00+00:00,30340.1818596748
2020-06-06 00:00:00+00:00,49493.1448400585
2020-06-07 00:00:00+00:00,26831.6960036439
2020-06-08 00:00:00+00:00,26852.2557357668
2020-06-09 00:00:00+00:00,45438.3405505283
2020-06-10 00:00:00+00:00,53060.3471608405
2020-06-11 00:00:00+00:00,44974.0219389489
2020-06-12 00:00:00+00:00,27696.2091413758
2020-06-13 00:00:00+00:00,71291.4106683601
2020-06-14 00:00:00+00:00,36742.4545905103
2020-06-15 00:00:00+00:00,52925.7810785372
2020-06-16 00:00:00+00:00,41740.5082759812
2020-06-17 00:00:00+00:00,59163.2353547972
2020-06-18 00:00:00+00:00,51524.8433013727
2020-06-19 00:00:00+00:00,35268.4629788134
2020-06-20 00:00:00+00:00,20753.2228888898
2020-06-21 00:00:00+00:00,24792.2020754492
2020-06-22 00:00:00+00:00,38904.2406529701
2020-06-23 00:00:00+00:00,33197.1430372713
2020-06-24 00:00:00+00:00,42780.3447603647
2020-06-25 00:00:00+00:00,39594.6501806861
2020-06-26 00:00:00+00:00,28979.4108718418
2020-06-27 00:00:00+00:00,19674.2734084679
2020-06-28 00:00:00+00:00,26652.1693713248
2020-06-29 00:00:00+00:00,36859.9736204172
2020-06-30 00:00:00+00:00,60585.815401125
2020-07-01 00:00:00+00:00,60509.7656343821
2020-07-02 00:00:00+00:00,45207.9018364932
2020-07-03 00:00:00+00:00,30282.2271349268
2020-07-04 00:00:00+00:00,34249.3885558033
2020-07-05 00:00:00+00:00,29209.1396194044
2020-07-06 00:00:00+00:00,29443.9107369359
2020-07-07 00:00:00+00:00,34516.4810092784
2020-07-08 00:00:00+00:00,70545.317838479
2020-07-09 00:00:00+00:00,52515.613695688
2020-07-11 00:00:00+00:00,102418.6144553
2020-07-12 00:00:00+00:00,56882.3410061818
2020-07-13 00:00:00+00:00,81868.7081853426
2020-07-14 00:00:00+00:00,67483.8151796868
2020-07-15 00:00:00+00:00,45328.7091963658
2020-07-16 00:00:00+00:00,92343.097082733
2020-07-17 00:00:00+00:00,35609.7608628398
2020-07-18 00:00:00+00:00,119170.040402524
2020-07-19 00:00:00+00:00,132581.723752199
2020-07-20 00:00:00+00:00,59901.2612468404
2020-07-21 00:00:00+00:00,50863.5102185673
2020-07-23 00:00:00+00:00,75291.6808952448
2020-07-24 00:00:00+00:00,56173.8756615985
2020-07-25 00:00:00+00:00,96333.8173699739
2020-07-26 00:00:00+00:00,163708.047688356
2020-07-27 00:00:00+00:00,66059.5172616769
2020-07-28 00:00:00+00:00,85688.7784241648
2020-07-29 00:00:00+00:00,97018.9342250119
2020-07-30 00:00:00+00:00,134268.920322151
2020-07-31 00:00:00+00:00,52654.7020634079
2020-08-01 00:00:00+00:00,36474.7474656156
2020-08-02 00:00:00+00:00,62187.6055625884
2020-08-03 00:00:00+00:00,139760.044631254
2020-08-04 00:00:00+00:00,109891.687364864
2020-08-05 00:00:00+00:00,47614.5697425197
2020-08-06 00:00:00+00:00,66674.0683831631
2020-08-07 00:00:00+00:00,93234.4465748242
2020-08-08 00:00:00+00:00,297398.376428728
2020-08-09 00:00:00+00:00,89361.3640528574
2020-08-10 00:00:00+00:00,38407.7407538145
2020-08-11 00:00:00+00:00,80736.739096922
2020-08-12 00:00:00+00:00,55938.2744706267
2020-08-13 00:00:00+00:00,52707.4188726009
2020-08-14 00:00:00+00:00,76802.6403311145
2020-08-15 00:00:00+00:00,125182.400461262
2020-08-16 00:00:00+00:00,62622.8221582326
2020-08-17 00:00:00+00:00,42377.8665384927
2020-08-18 00:00:00+00:00,108502.471378613
2020-08-19 00:00:00+00:00,69696.8256503963
2020-08-20 00:00:00+00:00,88993.4152323876
2020-08-21 00:00:00+00:00,86402.6856683655
2020-08-22 00:00:00+00:00,85315.1951904641
2020-08-23 00:00:00+00:00,150200.398062587
2020-08-24 00:00:00+00:00,65394.647697445
2020-08-25 00:00:00+00:00,51780.0071908339
2020-08-26 00:00:00+00:00,67311.068084838
2020-08-27 00:00:00+00:00,68341.6763016256
2020-08-28 00:00:00+00:00,162803.249199506
2020-08-29 00:00:00+00:00,66191.7174233366
2020-08-30 00:00:00+00:00,62384.3784858024
2020-08-31 00:00:00+00:00,33438.7915105054
2020-09-01 00:00:00+00:00,34772.2090719735
2020-09-02 00:00:00+00:00,24198.3817371187
2020-09-03 00:00:00+00:00,43011.4750270089
2020-09-04 00:00:00+00:00,74691.908408164
2020-09-05 00:00:00+00:00,48435.0378138452
2020-09-06 00:00:00+00:00,300723.894087749
2020-09-07 00:00:00+00:00,144667.615081593
2020-09-08 00:00:00+00:00,82410.0324192568
2020-09-09 00:00:00+00:00,352607.306346063
2020-09-10 00:00:00+00:00,774064.778924411
2020-09-11 00:00:00+00:00,233590.39097159
2020-09-12 00:00:00+00:00,296861.752829263
2020-09-13 00:00:00+00:00,244037.145238391
2020-09-14 00:00:00+00:00,1747053.70120949
2020-09-15 00:00:00+00:00,788111.219705338
2020-09-16 00:00:00+00:00,223531.887868488
2020-09-17 00:00:00+00:00,155289.475236098
2020-09-18 00:00:00+00:00,273101.609503558
2020-09-19 00:00:00+00:00,304598.023466443
2020-09-20 00:00:00+00:00,449944.757342605
2020-09-21 00:00:00+00:00,240898.161344939
2020-09-22 00:00:00+00:00,471522.502267348
2020-09-23 00:00:00+00:00,456833.769121288
2020-09-24 00:00:00+00:00,962669.546819209
2020-09-25 00:00:00+00:00,917760.538441271
2020-09-26 00:00:00+00:00,943373.407116263
2020-09-27 00:00:00+00:00,806015.158014361
2020-09-28 00:00:00+00:00,1215917.0888275
2020-09-29 00:00:00+00:00,717512.30911131
2020-09-30 00:00:00+00:00,534146.716648078
2020-10-01 00:00:00+00:00,516287.445303587
2020-10-02 00:00:00+00:00,477118.60683715
2020-10-03 00:00:00+00:00,524242.72931278
2020-10-04 00:00:00+00:00,571493.250712101
2020-10-05 00:00:00+00:00,402461.786109274
2020-10-06 00:00:00+00:00,330392.589525337
2020-10-07 00:00:00+00:00,545151.112111189
2020-10-08 00:00:00+00:00,619216.255325298
2020-10-09 00:00:00+00:00,951322.659365919
2020-10-10 00:00:00+00:00,639032.504297517
2020-10-11 00:00:00+00:00,512261.537976543
2020-10-12 00:00:00+00:00,415675.272898083
2020-10-13 00:00:00+00:00,303145.454908459
2020-10-14 00:00:00+00:00,408757.328783375
2020-10-15 00:00:00+00:00,650044.663815427
2020-10-16 00:00:00+00:00,440195.983925376
2020-10-17 00:00:00+00:00,355500.288921339
2020-10-18 00:00:00+00:00,464969.962096038
2020-10-19 00:00:00+00:00,497298.008060032
2020-10-20 00:00:00+00:00,342178.176686786
2020-10-21 00:00:00+00:00,343627.199358624
2020-10-22 00:00:00+00:00,581696.596305333
2020-10-23 00:00:00+00:00,352768.04849184
2020-10-24 00:00:00+00:00,464427.535708946
2020-10-25 00:00:00+00:00,484149.747057279
2020-10-26 00:00:00+00:00,347784.508240709
2020-10-27 00:00:00+00:00,306834.578924729
2020-10-28 00:00:00+00:00,357501.294277735
2020-10-29 00:00:00+00:00,275913.642124277
2020-10-30 00:00:00+00:00,301706.557940532
2020-10-31 00:00:00+00:00,440010.665343011
2020-11-01 00:00:00+00:00,601622.488231473
2020-11-02 00:00:00+00:00,410137.512935446
2020-11-03 00:00:00+00:00,382940.846112938
2020-11-04 00:00:00+00:00,443112.737443904
2020-11-05 00:00:00+00:00,231932.843414947
2020-11-06 00:00:00+00:00,439097.741853282
2020-11-07 00:00:00+00:00,366331.960808873
2020-11-08 00:00:00+00:00,633460.307285841
2020-11-09 00:00:00+00:00,269115.19313066
2020-11-10 00:00:00+00:00,423816.368854263
2020-11-11 00:00:00+00:00,394778.685595189
2020-11-12 00:00:00+00:00,420527.007638172
2020-11-13 00:00:00+00:00,557817.744717976
2020-11-14 00:00:00+00:00,506371.942581537
2020-11-15 00:00:00+00:00,512205.246445376
2020-11-16 00:00:00+00:00,270063.222796807
2020-11-17 00:00:00+00:00,267857.681213585
2020-11-18 00:00:00+00:00,343818.118309227
2020-11-19 00:00:00+00:00,515270.922730005
2020-11-20 00:00:00+00:00,336663.611119623
2020-11-21 00:00:00+00:00,492137.570299106
2020-11-22 00:00:00+00:00,478542.954623409
2020-11-23 00:00:00+00:00,329398.31435637
2020-11-24 00:00:00+00:00,262463.865052697
2020-11-25 00:00:00+00:00,291473.094244499
2020-11-26 00:00:00+00:00,342246.005563355
2020-11-27 00:00:00+00:00,396717.537371827
2020-11-28 00:00:00+00:00,462596.385061607
2020-11-29 00:00:00+00:00,445888.903990872
2020-11-30 00:00:00+00:00,188152.17281915
2020-12-01 00:00:00+00:00,185890.555933592
2020-12-02 00:00:00+00:00,314536.409083706
2020-12-03 00:00:00+00:00,319297.403306835
2020-12-04 00:00:00+00:00,408519.317169133
2020-12-05 00:00:00+00:00,456301.028167988
2020-12-06 00:00:00+00:00,470051.852732456
2020-12-07 00:00:00+00:00,398320.671753204
2020-12-08 00:00:00+00:00,363542.421361209
2020-12-09 00:00:00+00:00,340689.829145022
2020-12-10 00:00:00+00:00,384627.313579904
2020-12-11 00:00:00+00:00,475902.664987873
2020-12-12 00:00:00+00:00,435938.442988274
2020-12-13 00:00:00+00:00,443375.277266796
2020-12-14 00:00:00+00:00,250973.236526968
2020-12-15 00:00:00+00:00,196725.090729376
2020-12-16 00:00:00+00:00,254392.315010745
2020-12-17 00:00:00+00:00,272931.536437919
2020-12-18 00:00:00+00:00,361866.012559722
2020-12-19 00:00:00+00:00,388101.911634189
2020-12-20 00:00:00+00:00,634114.016186453
2020-12-21 00:00:00+00:00,360696.834545962
2020-12-22 00:00:00+00:00,446213.619996142
2020-12-23 00:00:00+00:00,301939.797153253
2020-12-24 00:00:00+00:00,373942.601448746
2020-12-25 00:00:00+00:00,379566.614665441
2020-12-26 00:00:00+00:00,324347.778009842
2020-12-27 00:00:00+00:00,330536.124557751
2020-12-28 00:00:00+00:00,167589.033686124
2020-12-29 00:00:00+00:00,246832.309674432
2020-12-30 00:00:00+00:00,469078.218071758
2020-12-31 00:00:00+00:00,227828.464609388
2021-01-01 00:00:00+00:00,421118.110591696
2021-01-02 00:00:00+00:00,301934.343617802
2021-01-03 00:00:00+00:00,292370.658149844
2021-01-04 00:00:00+00:00,563050.232457338
2021-01-05 00:00:00+00:00,317570.906816061
2021-01-06 00:00:00+00:00,502983.054463892
2021-01-07 00:00:00+00:00,362024.778686365
2021-01-08 00:00:00+00:00,387520.271212694
2021-01-09 00:00:00+00:00,427053.823097634
2021-01-10 00:00:00+00:00,806597.670478213
2021-01-11 00:00:00+00:00,196436.275445608
2021-01-12 00:00:00+00:00,338242.215726878
2021-01-13 00:00:00+00:00,325400.997213204
2021-01-14 00:00:00+00:00,325540.315238937
2021-01-15 00:00:00+00:00,277713.925125765
2021-01-16 00:00:00+00:00,580510.012047271
2021-01-17 00:00:00+00:00,425352.188878149
2021-01-18 00:00:00+00:00,498288.12135739
2021-01-19 00:00:00+00:00,404206.740335924
2021-01-20 00:00:00+00:00,348638.740072648
2021-01-21 00:00:00+00:00,440409.745815562
2021-01-22 00:00:00+00:00,447500.293421184
2021-01-23 00:00:00+00:00,647328.661742955
2021-01-24 00:00:00+00:00,1026283.89971843
2021-01-25 00:00:00+00:00,538757.224222899
2021-01-26 00:00:00+00:00,554299.725364284
2021-01-27 00:00:00+00:00,1098692.96266313
2021-01-28 00:00:00+00:00,1000803.23213503
2021-01-29 00:00:00+00:00,897998.453848258
2021-01-30 00:00:00+00:00,855689.243990777
2021-01-31 00:00:00+00:00,1570294.10378947
2021-02-01 00:00:00+00:00,2842299.04170168
2021-02-02 00:00:00+00:00,7360296.64272636
2021-02-03 00:00:00+00:00,3264643.97618464
2021-02-04 00:00:00+00:00,3153026.00296959
2021-02-05 00:00:00+00:00,2633084.08271371
2021-02-06 00:00:00+00:00,2985839.91520843
2021-02-07 00:00:00+00:00,2861028.59335034
2021-02-08 00:00:00+00:00,2407100.67379781
2021-02-09 00:00:00+00:00,2980894.15403307
2021-02-10 00:00:00+00:00,2238008.55901436
2021-02-11 00:00:00+00:00,2976810.97217306
2021-02-12 00:00:00+00:00,2277356.19749076
2021-02-13 00:00:00+00:00,4778342.6161984
2021-02-14 00:00:00+00:00,7176648.19012783
2021-02-15 00:00:00+00:00,6177639.1862906
2021-02-16 00:00:00+00:00,8306045.68661605
2021-02-17 00:00:00+00:00,12018471.0958111
2021-02-18 00:00:00+00:00,10330843.8475173
2021-02-19 00:00:00+00:00,12619637.5282953
2021-02-20 00:00:00+00:00,8239615.39837299
2021-02-21 00:00:00+00:00,16729474.505959
2021-02-22 00:00:00+00:00,17136279.2858522
2021-02-23 00:00:00+00:00,9975368.11962993
2021-02-24 00:00:00+00:00,9112495.59359872
2021-02-25 00:00:00+00:00,63551331.2308649
2021-02-26 00:00:00+00:00,5948020.43421618
2021-02-27 00:00:00+00:00,6959859.09149337
2021-02-28 00:00:00+00:00,6027922.87058962
2021-03-01 00:00:00+00:00,6227266.0416827
2021-03-02 00:00:00+00:00,8326483.59268076
2021-03-03 00:00:00+00:00,7755334.8407246
2021-03-04 00:00:00+00:00,5396068.60915102
2021-03-05 00:00:00+00:00,6429817.80848361
2021-03-06 00:00:00+00:00,5436550.64338901
2021-03-07 00:00:00+00:00,6142605.93109378
2021-03-08 00:00:00+00:00,6255941.60228478
2021-03-09 00:00:00+00:00,6634943.81713127
2021-03-10 00:00:00+00:00,5899158.19008005
2021-03-11 00:00:00+00:00,18739097.9916142
2021-03-12 00:00:00+00:00,15355374.844751
2021-03-13 00:00:00+00:00,12630287.2995419
2021-03-14 00:00:00+00:00,15620675.7095604
2021-03-15 00:00:00+00:00,10501225.671017
2021-03-16 00:00:00+00:00,9491375.64494052
2021-03-17 00:00:00+00:00,10874630.9020381
2021-03-18 00:00:00+00:00,10900954.9920329
2021-03-19 00:00:00+00:00,7480942.82615437
2021-03-20 00:00:00+00:00,7948432.3595923
2021-03-21 00:00:00+00:00,8762373.9770052
2021-03-22 00:00:00+00:00,7595995.73136095
2021-03-23 00:00:00+00:00,6572968.3487403
2021-03-24 00:00:00+00:00,7298950.41445073
2021-03-25 00:00:00+00:00,5054469.96606006
2021-03-26 00:00:00+00:00,4904212.98403547
2021-03-27 00:00:00+00:00,10171244.2625914
2021-03-28 00:00:00+00:00,7182963.62314757
2021-03-29 00:00:00+00:00,5588748.91840827
2021-03-30 00:00:00+00:00,6787540.25639527
2021-03-31 00:00:00+00:00,10544851.3939716
2021-04-01 00:00:00+00:00,6936797.64387763
2021-04-02 00:00:00+00:00,7001155.58343141
2021-04-03 00:00:00+00:00,7630641.06154123
2021-04-04 00:00:00+00:00,6180599.44821365
2021-04-05 00:00:00+00:00,5551186.14300161
2021-04-06 00:00:00+00:00,5413888.10121802
2021-04-07 00:00:00+00:00,4141149.13571642
2021-04-08 00:00:00+00:00,15827982.3031643
2021-04-09 00:00:00+00:00,10937786.0284388
2021-04-10 00:00:00+00:00,7364630.81503401
2021-04-11 00:00:00+00:00,17309914.5973709
2021-04-12 00:00:00+00:00,6503361.95793519
2021-04-13 00:00:00+00:00,8177713.39315791
2021-04-14 00:00:00+00:00,6852281.43508017
2021-04-15 00:00:00+00:00,5088203.98340902
2021-04-16 00:00:00+00:00,11579342.5962411
2021-04-17 00:00:00+00:00,6094796.73334547
2021-04-18 00:00:00+00:00,5773858.58612806
2021-04-19 00:00:00+00:00,4970046.64163732
2021-04-20 00:00:00+00:00,4935419.91834105
2021-04-21 00:00:00+00:00,4748993.14567262
2021-04-22 00:00:00+00:00,4927509.38016254
2021-04-23 00:00:00+00:00,5110905.11471949
2021-04-24 00:00:00+00:00,3996172.17633344
2021-04-25 00:00:00+00:00,3727122.26019282
2021-04-26 00:00:00+00:00,5377969.87752443
2021-04-27 00:00:00+00:00,5451967.64004839
2021-04-28 00:00:00+00:00,4634048.96090671
2021-04-29 00:00:00+00:00,4042111.62025897
2021-04-30 00:00:00+00:00,5328958.99193827
2021-05-01 00:00:00+00:00,7427385.30906558
2021-05-02 00:00:00+00:00,10147716.9920172
2021-05-03 00:00:00+00:00,32547289.806913
2021-05-04 00:00:00+00:00,27337216.8412115
2021-05-05 00:00:00+00:00,11985683.6501963
2021-05-06 00:00:00+00:00,8282711.36953258
2021-05-07 00:00:00+00:00,6679741.85010199
2021-05-08 00:00:00+00:00,11287006.9641201
2021-05-09 00:00:00+00:00,8895635.00958779
2021-05-10 00:00:00+00:00,5370429.05514595
2021-05-11 00:00:00+00:00,4132921.55511543
2021-05-12 00:00:00+00:00,3976452.55471458
2021-05-13 00:00:00+00:00,11601031.3935165
2021-05-14 00:00:00+00:00,34117605.0447343
2021-05-15 00:00:00+00:00,9678087.35874499
2021-05-16 00:00:00+00:00,8145568.34934717
2021-05-17 00:00:00+00:00,7062796.76734618
2021-05-18 00:00:00+00:00,8511883.16893633
2021-05-19 00:00:00+00:00,7859972.53881383
2021-05-20 00:00:00+00:00,6472521.08973678
2021-05-21 00:00:00+00:00,7339479.08893713
2021-05-22 00:00:00+00:00,6683446.86969314
2021-05-23 00:00:00+00:00,3390434.1619121
2021-05-24 00:00:00+00:00,4873510.05801675
2021-05-25 00:00:00+00:00,3865062.81243745
2021-05-26 00:00:00+00:00,7474625.26031092
2021-05-27 00:00:00+00:00,4066567.51181246
2021-05-28 00:00:00+00:00,4114601.27659793
2021-05-29 00:00:00+00:00,3857677.32654739
2021-05-30 00:00:00+00:00,5091269.97448432
2021-05-31 00:00:00+00:00,5409157.26933152
2021-06-01 00:00:00+00:00,8660215.75461423
2021-06-02 00:00:00+00:00,4415031.92331529
2021-06-03 00:00:00+00:00,4886846.66941081
2021-06-04 00:00:00+00:00,6866995.9907892
2021-06-05 00:00:00+00:00,4814847.52279309
2021-06-06 00:00:00+00:00,4672171.71913115
2021-06-07 00:00:00+00:00,11397055.8198276
2021-06-08 00:00:00+00:00,6685110.5225725
2021-06-09 00:00:00+00:00,9457866.37272865
2021-06-10 00:00:00+00:00,16621952.048807
2021-06-11 00:00:00+00:00,10736873.6252535
2021-06-12 00:00:00+00:00,6265556.89368536
2021-06-13 00:00:00+00:00,4103635.55893163
2021-06-14 00:00:00+00:00,9270352.47398473
2021-06-15 00:00:00+00:00,5820079.80134687
2021-06-16 00:00:00+00:00,10552408.0619315
2021-06-17 00:00:00+00:00,9183256.36752325
2021-06-18 00:00:00+00:00,7788453.97103684
2021-06-19 00:00:00+00:00,13094003.1396519
2021-06-20 00:00:00+00:00,14774825.8509219
2021-06-21 00:00:00+00:00,17999205.5495155
2021-06-22 00:00:00+00:00,13307028.1664967
2021-06-23 00:00:00+00:00,13530410.9788218
2021-06-24 00:00:00+00:00,13027092.1322759
2021-06-25 00:00:00+00:00,20735006.3383353
2021-06-26 00:00:00+00:00,11856489.0646079
2021-06-27 00:00:00+00:00,9076674.9438025
2021-06-28 00:00:00+00:00,17139249.3243735
2021-06-29 00:00:00+00:00,25925215.1987247
2021-06-30 00:00:00+00:00,7564039.73365506
2021-07-01 00:00:00+00:00,16462846.3702529
2021-07-02 00:00:00+00:00,15734792.7683852
2021-07-03 00:00:00+00:00,13149004.9019344
2021-07-04 00:00:00+00:00,18586950.3033901
2021-07-05 00:00:00+00:00,16752139.5502879
2021-07-06 00:00:00+00:00,18791228.9858547
2021-07-07 00:00:00+00:00,20251381.8891739
2021-07-08 00:00:00+00:00,20476255.8345527
2021-07-09 00:00:00+00:00,21271053.3684464
2021-07-10 00:00:00+00:00,10445109.706659
2021-07-11 00:00:00+00:00,18641652.8512109
2021-07-12 00:00:00+00:00,21187247.0077427
2021-07-13 00:00:00+00:00,12910759.9296809
2021-07-14 00:00:00+00:00,14333796.7246049
2021-07-15 00:00:00+00:00,20826682.5051784
2021-07-16 00:00:00+00:00,25347192.6966828
2021-07-17 00:00:00+00:00,29705004.5484451
2021-07-18 00:00:00+00:00,29721928.1114822
2021-07-19 00:00:00+00:00,13121035.0450355
2021-07-20 00:00:00+00:00,11068716.8494483
2021-07-21 00:00:00+00:00,18689990.5164185
2021-07-22 00:00:00+00:00,16214967.1968522
2021-07-23 00:00:00+00:00,11323081.2816198
2021-07-24 00:00:00+00:00,11227012.4117283
2021-07-25 00:00:00+00:00,11990402.1264013
2021-07-26 00:00:00+00:00,22938706.6361422
2021-07-27 00:00:00+00:00,24600644.9569562
2021-07-28 00:00:00+00:00,27221257.2214046
2021-07-29 00:00:00+00:00,21698539.0978826
2021-07-30 00:00:00+00:00,54808102.0909169
2021-07-31 00:00:00+00:00,86390960.7932649
2021-08-01 00:00:00+00:00,101890098.806111
2021-08-02 00:00:00+00:00,53161325.0628122
2021-08-03 00:00:00+00:00,52455244.1890367
2021-08-04 00:00:00+00:00,94249471.0059096
2021-08-05 00:00:00+00:00,98882052.3318252
2021-08-06 00:00:00+00:00,116732994.91991
2021-08-07 00:00:00+00:00,77933806.3575646
2021-08-08 00:00:00+00:00,91308663.2795686
2021-08-09 00:00:00+00:00,78654465.543892
2021-08-10 00:00:00+00:00,84473190.7505017
2021-08-11 00:00:00+00:00,76670271.5737193
2021-08-12 00:00:00+00:00,71346809.6443298
2021-08-13 00:00:00+00:00,76985498.6363062
2021-08-14 00:00:00+00:00,94219827.9689051
2021-08-15 00:00:00+00:00,74813726.3615743
2021-08-16 00:00:00+00:00,64207860.2666392
2021-08-17 00:00:00+00:00,59973479.6236795
2021-08-18 00:00:00+00:00,67471867.4177375
2021-08-19 00:00:00+00:00,59556124.7287648
2021-08-20 00:00:00+00:00,110364995.346819
2021-08-21 00:00:00+00:00,121306890.991341
2021-08-22 00:00:00+00:00,138528107.19992
2021-08-23 00:00:00+00:00,284497183.31398
2021-08-24 00:00:00+00:00,246037992.245697
2021-08-25 00:00:00+00:00,175881799.457377
2021-08-26 00:00:00+00:00,191630180.723646
2021-08-27 00:00:00+00:00,220919755.273604
2021-08-28 00:00:00+00:00,350677631.006799
2021-08-29 00:00:00+00:00,186879362.507473
2021-08-30 00:00:00+00:00,181699870.548736
2021-08-31 00:00:00+00:00,136272280.157792
2021-09-01 00:00:00+00:00,122886364.813547
2021-09-02 00:00:00+00:00,107524056.776898
2021-09-03 00:00:00+00:00,92026607.9618476
2021-09-04 00:00:00+00:00,60011425.1667811
2021-09-05 00:00:00+00:00,60693769.8759734
2021-09-06 00:00:00+00:00,66699601.2202076
2021-09-07 00:00:00+00:00,63324518.8877307
2021-09-08 00:00:00+00:00,42438331.9207072
2021-09-09 00:00:00+00:00,33718319.7873831
2021-09-10 00:00:00+00:00,38522896.8990894
2021-09-11 00:00:00+00:00,29642162.8976533
2021-09-12 00:00:00+00:00,24682758.4676196
2021-09-13 00:00:00+00:00,69634451.7340669
2021-09-14 00:00:00+00:00,47077048.5089289
2021-09-15 00:00:00+00:00,62822069.5949507
2021-09-16 00:00:00+00:00,103105883.694213
2021-09-17 00:00:00+00:00,45805845.2580282
2021-09-18 00:00:00+00:00,44136946.5899036
2021-09-19 00:00:00+00:00,40312059.9015461
2021-09-20 00:00:00+00:00,39466846.4496144
2021-09-21 00:00:00+00:00,37543045.4327264
2021-09-22 00:00:00+00:00,31728607.0314395
2021-09-23 00:00:00+00:00,46139357.5127339
2021-09-24 00:00:00+00:00,44236821.7364874
2021-09-25 00:00:00+00:00,47056898.2419732
2021-09-26 00:00:00+00:00,50699780.1534246
2021-09-27 00:00:00+00:00,55635939.9058798
2021-09-28 00:00:00+00:00,72764959.1412387
2021-09-29 00:00:00+00:00,57358176.2782082
2021-09-30 00:00:00+00:00,65566789.1164109
2021-10-01 00:00:00+00:00,69456671.8653942
2021-10-02 00:00:00+00:00,56832586.5340498
2021-10-03 00:00:00+00:00,67341181.7918818
2021-10-04 00:00:00+00:00,66503863.9748078
2021-10-05 00:00:00+00:00,70296640.9412735
2021-10-06 00:00:00+00:00,56315960.9254908
2021-10-07 00:00:00+00:00,49506209.8417677
2021-10-08 00:00:00+00:00,45411341.0668299
2021-10-09 00:00:00+00:00,42681791.489282
2021-10-10 00:00:00+00:00,37810780.3324235
2021-10-11 00:00:00+00:00,31260306.0647435
2021-10-12 00:00:00+00:00,36312630.2432517
2021-10-13 00:00:00+00:00,36212884.8199636
2021-10-14 00:00:00+00:00,43983024.575689
2021-10-15 00:00:00+00:00,30688495.5962573
2021-10-16 00:00:00+00:00,42405527.7073071
2021-10-17 00:00:00+00:00,25741898.4006132
2021-10-18 00:00:00+00:00,25402361.7881241
2021-10-19 00:00:00+00:00,34434010.6165993
2021-10-20 00:00:00+00:00,37403169.2231932
2021-10-21 00:00:00+00:00,35853155.4493107
2021-10-22 00:00:00+00:00,27542419.7557687
2021-10-23 00:00:00+00:00,53777933.2793351
2021-10-24 00:00:00+00:00,33645238.2507501
2021-10-25 00:00:00+00:00,29932781.9524518
2021-10-26 00:00:00+00:00,25172104.6761423
2021-10-27 00:00:00+00:00,24849246.8779753
2021-10-28 00:00:00+00:00,103131752.101403
2021-10-29 00:00:00+00:00,31245793.8726087
2021-10-30 00:00:00+00:00,19896506.629712
2021-10-31 00:00:00+00:00,25881327.2251641
2021-11-01 00:00:00+00:00,25539098.3027052
2021-11-02 00:00:00+00:00,30068907.4272294
2021-11-03 00:00:00+00:00,24349002.2892095
2021-11-04 00:00:00+00:00,28252581.0012399
2021-11-05 00:00:00+00:00,24891071.8477867
2021-11-06 00:00:00+00:00,24882247.6646019
2021-11-07 00:00:00+00:00,24767424.425148
2021-11-08 00:00:00+00:00,44406962.7347258
2021-11-09 00:00:00+00:00,26607761.9556414
2021-11-10 00:00:00+00:00,37833101.1796614
2021-11-11 00:00:00+00:00,35320760.3162993
2021-11-12 00:00:00+00:00,34044697.1907382
2021-11-13 00:00:00+00:00,50844636.1897208
2021-11-14 00:00:00+00:00,60748976.4724346
2021-11-15 00:00:00+00:00,59442629.8046947
2021-11-16 00:00:00+00:00,66823221.7037863
2021-11-17 00:00:00+00:00,63477526.9722794
2021-11-18 00:00:00+00:00,53646609.4033688
2021-11-19 00:00:00+00:00,37355845.1770921
2021-11-20 00:00:00+00:00,31592411.8383642
2021-11-21 00:00:00+00:00,32043816.4681661
2021-11-22 00:00:00+00:00,37005623.4071986
2021-11-23 00:00:00+00:00,30687408.3345485
2021-11-24 00:00:00+00:00,37219712.0033594
2021-11-25 00:00:00+00:00,33424378.7237359
2021-11-26 00:00:00+00:00,30100520.1005634
2021-11-27 00:00:00+00:00,24737205.8726341
2021-11-28 00:00:00+00:00,28559455.0372837
2021-11-29 00:00:00+00:00,49472496.0652541
2021-11-30 00:00:00+00:00,31912589.9758605
2021-12-01 00:00:00+00:00,31823032.5174955
2021-12-02 00:00:00+00:00,30286250.511753
2021-12-03 00:00:00+00:00,48609792.1715665
2021-12-04 00:00:00+00:00,32011721.584984
2021-12-05 00:00:00+00:00,25921665.5540432
2021-12-06 00:00:00+00:00,31329226.4811825
2021-12-07 00:00:00+00:00,36989111.9911548
2021-12-08 00:00:00+00:00,30382569.4402497
2021-12-09 00:00:00+00:00,58515691.5392908
2021-12-10 00:00:00+00:00,33664776.2654426
2021-12-11 00:00:00+00:00,33027533.4338202
2021-12-12 00:00:00+00:00,21429175.1375458
2021-12-13 00:00:00+00:00,34292156.6871088
2021-12-14 00:00:00+00:00,31995557.8931527
2021-12-15 00:00:00+00:00,55726188.2659921
2021-12-16 00:00:00+00:00,29444277.1501766
2021-12-17 00:00:00+00:00,27783742.7422723
2021-12-18 00:00:00+00:00,28097412.0333374
2021-12-19 00:00:00+00:00,27336821.2668431
2021-12-20 00:00:00+00:00,24283437.5407631
2021-12-21 00:00:00+00:00,27142515.0470503
2021-12-22 00:00:00+00:00,25926391.1323702
2021-12-23 00:00:00+00:00,26568119.1212279
2021-12-24 00:00:00+00:00,45870966.9344574
2021-12-25 00:00:00+00:00,27204589.8852679
2021-12-26 00:00:00+00:00,33334010.7925166
2021-12-27 00:00:00+00:00,52821024.3218555
2021-12-28 00:00:00+00:00,37742635.4874384
2021-12-29 00:00:00+00:00,39077442.6523746
2021-12-30 00:00:00+00:00,37733630.8973505
2021-12-31 00:00:00+00:00,49359562.8068279
2022-01-01 00:00:00+00:00,61588083.9575928
2022-01-02 00:00:00+00:00,90870622.8520605
2022-01-03 00:00:00+00:00,60262296.8820455
2022-01-04 00:00:00+00:00,41672182.9046853
2022-01-05 00:00:00+00:00,43092544.1540077
2022-01-06 00:00:00+00:00,45127953.6617111
2022-01-07 00:00:00+00:00,39368963.5945766
2022-01-08 00:00:00+00:00,34631394.6541084
2022-01-09 00:00:00+00:00,44032709.0542148
2022-01-10 00:00:00+00:00,42273842.366138
2022-01-11 00:00:00+00:00,151370699.368361
2022-01-12 00:00:00+00:00,219512279.671807
2022-01-13 00:00:00+00:00,230371926.611594
2022-01-14 00:00:00+00:00,229232148.568462
2022-01-15 00:00:00+00:00,250944382.038724
2022-01-16 00:00:00+00:00,216087805.13762
2022-01-17 00:00:00+00:00,216273607.529063
2022-01-18 00:00:00+00:00,265919506.928109
2022-01-19 00:00:00+00:00,294900442.180457
2022-01-20 00:00:00+00:00,231545662.584605
2022-01-21 00:00:00+00:00,217159819.665179
2022-01-22 00:00:00+00:00,196926270.247227
2022-01-23 00:00:00+00:00,206194485.626583
2022-01-24 00:00:00+00:00,194028488.210357
2022-01-25 00:00:00+00:00,233722814.231021
2022-01-26 00:00:00+00:00,249620198.812106
2022-01-27 00:00:00+00:00,242052286.259425
2022-01-28 00:00:00+00:00,149158384.197137
2022-01-29 00:00:00+00:00,238480780.302768
2022-01-30 00:00:00+00:00,267903728.708679
2022-01-31 00:00:00+00:00,306852820.962953
